Device,Experiment,Plate Name,Animal Description,Plate Position Name,Plate Row,Plate Column,Plate Center Position X (inches),Plate Center Position Y (inches),Plate Size X (inches),Plate Size Y (inches),Strain,Genotype,Condition 1,Condition 2,Condition 3,Culturing Temperature,Experiment Temperature, Food Source,Environmental Conditions,Incubator Name,Incubator Column,Incubator Shelf,Event Frequency,Age at Death,Duration Not Fast Moving (d),Longest Gap in Measurement (d),Age at Death-Associated Posture Relaxation Start (d),Age at Death-Associated Posture Relaxation End (d),Censored,Censored Reason,Event Observation Type,Annotation Source,Technique,Analysis Type,Event Type, Special Flag
StHelens,CeNDR_121018_1v2,StHelens_a::1,N2::Rep(2)::Total(55)::20::OP50-1,a::1,1,a,1.07656,3.22969,1.84688,1.89063,N2,,,2,55,20,20,OP50-1,,,,,1,9.12144,49710.1,,,0,0,,Observed Multiple Worm,Storyboard Annotation,Lifespan Machine,,,
StHelens,CeNDR_121018_1v2,StHelens_a::1,N2::Rep(2)::Total(55)::20::OP50-1,a::1,1,a,1.07656,3.22969,1.84688,1.89063,N2,,,2,55,20,20,OP50-1,,,,,1,9.12144,49710.1,,,0,0,,Induced Multiple Worm,Storyboard Annotation,Lifespan Machine,,,
StHelens,CeNDR_121018_1v2,StHelens_a::1,N2::Rep(2)::Total(55)::20::OP50-1,a::1,1,a,1.07656,3.22969,1.84688,1.89063,N2,,,2,55,20,20,OP50-1,,,,,1,12.1839,1.64583,,,0,0,,,Storyboard Annotation,Lifespan Machine,,,
StHelens,CeNDR_121018_1v2,StHelens_a::1,N2::Rep(2)::Total(55)::20::OP50-1,a::1,1,a,1.07656,3.22969,1.84688,1.89063,N2,,,2,55,20,20,OP50-1,,,,,1,13.1839,3.47917,,,0,0,,,Storyboard Annotation,Lifespan Machine,,,
StHelens,CeNDR_121018_1v2,StHelens_a::1,N2::Rep(2)::Total(55)::20::OP50-1,a::1,1,a,1.07656,3.22969,1.84688,1.89063,N2,,,2,55,20,20,OP50-1,,,,,1,13.1839,3.16667,,,0,0,,,Storyboard Annotation,Lifespan Machine,,,
StHelens,CeNDR_121018_1v2,StHelens_a::1,N2::Rep(2)::Total(55)::20::OP50-1,a::1,1,a,1.07656,3.22969,1.84688,1.89063,N2,,,2,55,20,20,OP50-1,,,,,1,13.3923,0.958333,,,0,0,,,Storyboard Annotation,Lifespan Machine,,,
StHelens,CeNDR_121018_1v2,StHelens_a::1,N2::Rep(2)::Total(55)::20::OP50-1,a::1,1,a,1.07656,3.22969,1.84688,1.89063,N2,,,2,55,20,20,OP50-1,,,,,1,13.4339,1.125,,,0,0,,,Storyboard Annotation,Lifespan Machine,,,
StHelens,CeNDR_121018_1v2,StHelens_a::1,N2::Rep(2)::Total(55)::20::OP50-1,a::1,1,a,1.07656,3.22969,1.84688,1.89063,N2,,,2,55,20,20,OP50-1,,,,,1,13.9339,2.41667,,,0,0,,,Storyboard Annotation,Lifespan Machine,,,
StHelens,CeNDR_121018_1v2,StHelens_a::1,N2::Rep(2)::Total(55)::20::OP50-1,a::1,1,a,1.07656,3.22969,1.84688,1.89063,N2,,,2,55,20,20,OP50-1,,,,,1,13.9756,0.416667,,,0,0,,,Storyboard Annotation,Lifespan Machine,,,
StHelens,CeNDR_121018_1v2,StHelens_a::1,N2::Rep(2)::Total(55)::20::OP50-1,a::1,1,a,1.07656,3.22969,1.84688,1.89063,N2,,,2,55,20,20,OP50-1,,,,,1,14.1839,2.29167,,,0,0,,,Storyboard Annotation,Lifespan Machine,,,
StHelens,CeNDR_121018_1v2,StHelens_a::1,N2::Rep(2)::Total(55)::20::OP50-1,a::1,1,a,1.07656,3.22969,1.84688,1.89063,N2,,,2,55,20,20,OP50-1,,,,,1,14.1839,4.83333,,,0,0,,,Storyboard Annotation,Lifespan Machine,,,
StHelens,CeNDR_121018_1v2,StHelens_a::1,N2::Rep(2)::Total(55)::20::OP50-1,a::1,1,a,1.07656,3.22969,1.84688,1.89063,N2,,,2,55,20,20,OP50-1,,,,,1,14.4756,1.08333,,,0,0,,,Storyboard Annotation,Lifespan Machine,,,
StHelens,CeNDR_121018_1v2,StHelens_a::1,N2::Rep(2)::Total(55)::20::OP50-1,a::1,1,a,1.07656,3.22969,1.84688,1.89063,N2,,,2,55,20,20,OP50-1,,,,,1,14.6423,4.625,,,0,0,,,Storyboard Annotation,Lifespan Machine,,,
StHelens,CeNDR_121018_1v2,StHelens_a::1,N2::Rep(2)::Total(55)::20::OP50-1,a::1,1,a,1.07656,3.22969,1.84688,1.89063,N2,,,2,55,20,20,OP50-1,,,,,1,15.8506,2.95833,,,0,0,,,Storyboard Annotation,Lifespan Machine,,,
StHelens,CeNDR_121018_1v2,StHelens_a::1,N2::Rep(2)::Total(55)::20::OP50-1,a::1,1,a,1.07656,3.22969,1.84688,1.89063,N2,,,2,55,20,20,OP50-1,,,,,1,16.2881,4.0625,,,0,0,,,Storyboard Annotation,Lifespan Machine,,,
StHelens,CeNDR_121018_1v2,StHelens_a::1,N2::Rep(2)::Total(55)::20::OP50-1,a::1,1,a,1.07656,3.22969,1.84688,1.89063,N2,,,2,55,20,20,OP50-1,,,,,1,16.4339,5.39583,,,0,0,,,Storyboard Annotation,Lifespan Machine,,,
StHelens,CeNDR_121018_1v2,StHelens_a::1,N2::Rep(2)::Total(55)::20::OP50-1,a::1,1,a,1.07656,3.22969,1.84688,1.89063,N2,,,2,55,20,20,OP50-1,,,,,1,17.2256,4.45833,,,0,0,,,Storyboard Annotation,Lifespan Machine,,,
StHelens,CeNDR_121018_1v2,StHelens_a::1,N2::Rep(2)::Total(55)::20::OP50-1,a::1,1,a,1.07656,3.22969,1.84688,1.89063,N2,,,2,55,20,20,OP50-1,,,,,1,18.5173,3.875,,,0,0,,,Storyboard Annotation,Lifespan Machine,,,
StHelens,CeNDR_121018_1v2,StHelens_a::1,N2::Rep(2)::Total(55)::20::OP50-1,a::1,1,a,1.07656,3.22969,1.84688,1.89063,N2,,,2,55,20,20,OP50-1,,,,,1,19.9339,2.29167,,,0,0,,,Storyboard Annotation,Lifespan Machine,,,
StHelens,CeNDR_121018_1v2,StHelens_a::1,N2::Rep(2)::Total(55)::20::OP50-1,a::1,1,a,1.07656,3.22969,1.84688,1.89063,N2,,,2,55,20,20,OP50-1,,,,,1,21.2673,0.416667,,,0,0,,,Storyboard Annotation,Lifespan Machine,,,
StHelens,CeNDR_121018_1v2,StHelens_a::1,N2::Rep(2)::Total(55)::20::OP50-1,a::1,1,a,1.07656,3.22969,1.84688,1.89063,N2,,,2,55,20,20,OP50-1,,,,,1,21.6006,0.625,,,0,0,,,Storyboard Annotation,Lifespan Machine,,,
StHelens,CeNDR_121018_1v2,StHelens_a::1,N2::Rep(2)::Total(55)::20::OP50-1,a::1,1,a,1.07656,3.22969,1.84688,1.89063,N2,,,2,55,20,20,OP50-1,,,,,1,23.0173,1.3125,,,0,0,,,Storyboard Annotation,Lifespan Machine,,,
StHelens,CeNDR_121018_1v2,StHelens_a::1,N2::Rep(2)::Total(55)::20::OP50-1,a::1,1,a,1.07656,3.22969,1.84688,1.89063,N2,,,2,55,20,20,OP50-1,,,,,1,23.1839,2.91667,,,0,0,,,Storyboard Annotation,Lifespan Machine,,,
StHelens,CeNDR_121018_1v2,StHelens_a::1,N2::Rep(2)::Total(55)::20::OP50-1,a::1,1,a,1.07656,3.22969,1.84688,1.89063,N2,,,2,55,20,20,OP50-1,,,,,1,23.5589,3,,,0,0,,,Storyboard Annotation,Lifespan Machine,,,
StHelens,CeNDR_121018_1v2,StHelens_a::1,N2::Rep(2)::Total(55)::20::OP50-1,a::1,1,a,1.07656,3.22969,1.84688,1.89063,N2,,,2,55,20,20,OP50-1,,,,,1,23.7256,2.79167,,,0.0833333,0,,,Automated Analysis,Lifespan Machine,,,
StHelens,CeNDR_121018_1v2,StHelens_a::1,N2::Rep(2)::Total(55)::20::OP50-1,a::1,1,a,1.07656,3.22969,1.84688,1.89063,N2,,,2,55,20,20,OP50-1,,,,,1,23.9339,4.125,,,0,0,,,Storyboard Annotation,Lifespan Machine,,,
StHelens,CeNDR_121018_1v2,StHelens_a::1,N2::Rep(2)::Total(55)::20::OP50-1,a::1,1,a,1.07656,3.22969,1.84688,1.89063,N2,,,2,55,20,20,OP50-1,,,,,1,24.0589,0.5,,,0.0833333,0,,,Automated Analysis,Lifespan Machine,,,
StHelens,CeNDR_121018_1v2,StHelens_a::1,N2::Rep(2)::Total(55)::20::OP50-1,a::1,1,a,1.07656,3.22969,1.84688,1.89063,N2,,,2,55,20,20,OP50-1,,,,,1,24.4756,2.77083,,,0,0,,,Storyboard Annotation,Lifespan Machine,,,
StHelens,CeNDR_121018_1v2,StHelens_a::1,N2::Rep(2)::Total(55)::20::OP50-1,a::1,1,a,1.07656,3.22969,1.84688,1.89063,N2,,,2,55,20,20,OP50-1,,,,,1,24.7256,6.54167,,,0,0,,,Storyboard Annotation,Lifespan Machine,,,
StHelens,CeNDR_121018_1v2,StHelens_a::1,N2::Rep(2)::Total(55)::20::OP50-1,a::1,1,a,1.07656,3.22969,1.84688,1.89063,N2,,,2,55,20,20,OP50-1,,,,,1,25.3089,3.5,,,0,0,,,Storyboard Annotation,Lifespan Machine,,,
StHelens,CeNDR_121018_1v2,StHelens_a::1,N2::Rep(2)::Total(55)::20::OP50-1,a::1,1,a,1.07656,3.22969,1.84688,1.89063,N2,,,2,55,20,20,OP50-1,,,,,1,25.5173,7.04167,,,0.0833333,0,,,Automated Analysis,Lifespan Machine,,,
StHelens,CeNDR_121018_1v2,StHelens_a::1,N2::Rep(2)::Total(55)::20::OP50-1,a::1,1,a,1.07656,3.22969,1.84688,1.89063,N2,,,2,55,20,20,OP50-1,,,,,1,26.1839,8.95833,,,0,0,,,Storyboard Annotation,Lifespan Machine,,,
StHelens,CeNDR_121018_1v2,StHelens_a::1,N2::Rep(2)::Total(55)::20::OP50-1,a::1,1,a,1.07656,3.22969,1.84688,1.89063,N2,,,2,55,20,20,OP50-1,,,,,1,26.3089,4.16667,,,0,0,,Observed Multiple Worm,Storyboard Annotation,Lifespan Machine,,,
StHelens,CeNDR_121018_1v2,StHelens_a::1,N2::Rep(2)::Total(55)::20::OP50-1,a::1,1,a,1.07656,3.22969,1.84688,1.89063,N2,,,2,55,20,20,OP50-1,,,,,1,26.3298,4.16667,,,0,0,,Induced Multiple Worm,Storyboard Annotation,Lifespan Machine,,,
StHelens,CeNDR_121018_1v2,StHelens_a::1,N2::Rep(2)::Total(55)::20::OP50-1,a::1,1,a,1.07656,3.22969,1.84688,1.89063,N2,,,2,55,20,20,OP50-1,,,,,1,26.9339,9.08333,,,0,0,,,Storyboard Annotation,Lifespan Machine,,,
StHelens,CeNDR_121018_1v2,StHelens_a::1,N2::Rep(2)::Total(55)::20::OP50-1,a::1,1,a,1.07656,3.22969,1.84688,1.89063,N2,,,2,55,20,20,OP50-1,,,,,1,27.3923,5.25,,,0.0833333,0,,,Automated Analysis,Lifespan Machine,,,
StHelens,CeNDR_121018_1v2,StHelens_a::1,N2::Rep(2)::Total(55)::20::OP50-1,a::1,1,a,1.07656,3.22969,1.84688,1.89063,N2,,,2,55,20,20,OP50-1,,,,,1,29.6839,11.7917,,,0,0,,,Storyboard Annotation,Lifespan Machine,,,
StHelens,CeNDR_121018_1v2,StHelens_a::1,N2::Rep(2)::Total(55)::20::OP50-1,a::1,1,a,1.07656,3.22969,1.84688,1.89063,N2,,,2,55,20,20,OP50-1,,,,,1,30.6006,11.8333,,,0,0,,Observed Multiple Worm,Storyboard Annotation,Lifespan Machine,,,
StHelens,CeNDR_121018_1v2,StHelens_a::1,N2::Rep(2)::Total(55)::20::OP50-1,a::1,1,a,1.07656,3.22969,1.84688,1.89063,N2,,,2,55,20,20,OP50-1,,,,,1,30.6214,11.8333,,,0,0,,Induced Multiple Worm,Storyboard Annotation,Lifespan Machine,,,
StHelens,CeNDR_121018_1v2,StHelens_a::1,N2::Rep(2)::Total(55)::20::OP50-1,a::1,1,a,1.07656,3.22969,1.84688,1.89063,N2,,,2,55,20,20,OP50-1,,,,,1,31.3506,7.20833,,,0,0,,,Storyboard Annotation,Lifespan Machine,,,
Vesuvius,CeNDR_121018_2v2,Vesuvius_c::2,N2::Rep(3)::Total(50)::20::OP50-1,c::2,2,c,3.99531,5.48281,1.87813,1.83438,N2,,,3,50,20,20,OP50-1,,,,,1,19.684,8.14583,,,0,1,Objects apparently moving at termination of measurement,Observed Multiple Worm,Storyboard Annotation,Lifespan Machine,,,
Vesuvius,CeNDR_121018_2v2,Vesuvius_c::2,N2::Rep(3)::Total(50)::20::OP50-1,c::2,2,c,3.99531,5.48281,1.87813,1.83438,N2,,,3,50,20,20,OP50-1,,,,,1,19.684,8.14583,,,0,1,Objects apparently moving at termination of measurement,Observed Multiple Worm,Storyboard Annotation,Lifespan Machine,,,
Vesuvius,CeNDR_121018_2v2,Vesuvius_c::2,N2::Rep(3)::Total(50)::20::OP50-1,c::2,2,c,3.99531,5.48281,1.87813,1.83438,N2,,,3,50,20,20,OP50-1,,,,,1,19.7257,8.14583,,,0,1,Objects apparently moving at termination of measurement,Induced Multiple Worm,Storyboard Annotation,Lifespan Machine,,,
Vesuvius,CeNDR_121018_2v2,Vesuvius_c::2,N2::Rep(3)::Total(50)::20::OP50-1,c::2,2,c,3.99531,5.48281,1.87813,1.83438,N2,,,3,50,20,20,OP50-1,,,,,2,19.684,8.14583,,,0,1,Objects apparently moving at termination of measurement,Observed Multiple Worm,Storyboard Annotation,Lifespan Machine,,,
Vesuvius,CeNDR_121018_2v2,Vesuvius_c::2,N2::Rep(3)::Total(50)::20::OP50-1,c::2,2,c,3.99531,5.48281,1.87813,1.83438,N2,,,3,50,20,20,OP50-1,,,,,1,11.1007,49710.2,,,0,0,,,Storyboard Annotation,Lifespan Machine,,,
Vesuvius,CeNDR_121018_2v2,Vesuvius_c::2,N2::Rep(3)::Total(50)::20::OP50-1,c::2,2,c,3.99531,5.48281,1.87813,1.83438,N2,,,3,50,20,20,OP50-1,,,,,1,11.7048,0.458333,,,0,0,,,Storyboard Annotation,Lifespan Machine,,,
Vesuvius,CeNDR_121018_2v2,Vesuvius_c::2,N2::Rep(3)::Total(50)::20::OP50-1,c::2,2,c,3.99531,5.48281,1.87813,1.83438,N2,,,3,50,20,20,OP50-1,,,,,1,11.9132,0.541667,,,0,0,,,Storyboard Annotation,Lifespan Machine,,,
Vesuvius,CeNDR_121018_2v2,Vesuvius_c::2,N2::Rep(3)::Total(50)::20::OP50-1,c::2,2,c,3.99531,5.48281,1.87813,1.83438,N2,,,3,50,20,20,OP50-1,,,,,1,12.1215,0.166667,,,0,0,,,Storyboard Annotation,Lifespan Machine,,,
Vesuvius,CeNDR_121018_2v2,Vesuvius_c::2,N2::Rep(3)::Total(50)::20::OP50-1,c::2,2,c,3.99531,5.48281,1.87813,1.83438,N2,,,3,50,20,20,OP50-1,,,,,1,12.4132,1.39583,,,0,0,,,Storyboard Annotation,Lifespan Machine,,,
Vesuvius,CeNDR_121018_2v2,Vesuvius_c::2,N2::Rep(3)::Total(50)::20::OP50-1,c::2,2,c,3.99531,5.48281,1.87813,1.83438,N2,,,3,50,20,20,OP50-1,,,,,1,12.4132,1.39583,,,0,0,,,Storyboard Annotation,Lifespan Machine,,,
Vesuvius,CeNDR_121018_2v2,Vesuvius_c::2,N2::Rep(3)::Total(50)::20::OP50-1,c::2,2,c,3.99531,5.48281,1.87813,1.83438,N2,,,3,50,20,20,OP50-1,,,,,1,12.7882,0.0416667,,,0,0,,,Storyboard Annotation,Lifespan Machine,,,
Vesuvius,CeNDR_121018_2v2,Vesuvius_c::2,N2::Rep(3)::Total(50)::20::OP50-1,c::2,2,c,3.99531,5.48281,1.87813,1.83438,N2,,,3,50,20,20,OP50-1,,,,,1,12.9132,1.16667,,,0,0,,,Storyboard Annotation,Lifespan Machine,,,
Vesuvius,CeNDR_121018_2v2,Vesuvius_c::2,N2::Rep(3)::Total(50)::20::OP50-1,c::2,2,c,3.99531,5.48281,1.87813,1.83438,N2,,,3,50,20,20,OP50-1,,,,,1,13.1632,0.583333,,,0,0,,,Storyboard Annotation,Lifespan Machine,,,
Vesuvius,CeNDR_121018_2v2,Vesuvius_c::2,N2::Rep(3)::Total(50)::20::OP50-1,c::2,2,c,3.99531,5.48281,1.87813,1.83438,N2,,,3,50,20,20,OP50-1,,,,,1,13.5382,2.45833,,,0,0,,,Storyboard Annotation,Lifespan Machine,,,
Vesuvius,CeNDR_121018_2v2,Vesuvius_c::2,N2::Rep(3)::Total(50)::20::OP50-1,c::2,2,c,3.99531,5.48281,1.87813,1.83438,N2,,,3,50,20,20,OP50-1,,,,,1,14.0382,3.5,,,0,0,,,Storyboard Annotation,Lifespan Machine,,,
Vesuvius,CeNDR_121018_2v2,Vesuvius_c::2,N2::Rep(3)::Total(50)::20::OP50-1,c::2,2,c,3.99531,5.48281,1.87813,1.83438,N2,,,3,50,20,20,OP50-1,,,,,1,14.8715,3.95833,,,0,0,,,Storyboard Annotation,Lifespan Machine,,,
Vesuvius,CeNDR_121018_2v2,Vesuvius_c::2,N2::Rep(3)::Total(50)::20::OP50-1,c::2,2,c,3.99531,5.48281,1.87813,1.83438,N2,,,3,50,20,20,OP50-1,,,,,1,15.2048,4.95833,,,0,0,,,Storyboard Annotation,Lifespan Machine,,,
Vesuvius,CeNDR_121018_2v2,Vesuvius_c::2,N2::Rep(3)::Total(50)::20::OP50-1,c::2,2,c,3.99531,5.48281,1.87813,1.83438,N2,,,3,50,20,20,OP50-1,,,,,1,16.0382,5.02083,,,0,0,,,Storyboard Annotation,Lifespan Machine,,,
Vesuvius,CeNDR_121018_2v2,Vesuvius_c::2,N2::Rep(3)::Total(50)::20::OP50-1,c::2,2,c,3.99531,5.48281,1.87813,1.83438,N2,,,3,50,20,20,OP50-1,,,,,1,17.0798,4.875,,,0,0,,,Storyboard Annotation,Lifespan Machine,,,
Vesuvius,CeNDR_121018_2v2,Vesuvius_c::2,N2::Rep(3)::Total(50)::20::OP50-1,c::2,2,c,3.99531,5.48281,1.87813,1.83438,N2,,,3,50,20,20,OP50-1,,,,,1,18.2882,0.541667,,,0,0,,,Storyboard Annotation,Lifespan Machine,,,
Vesuvius,CeNDR_121018_2v2,Vesuvius_c::2,N2::Rep(3)::Total(50)::20::OP50-1,c::2,2,c,3.99531,5.48281,1.87813,1.83438,N2,,,3,50,20,20,OP50-1,,,,,1,18.6215,4.66667,,,0,0,,,Storyboard Annotation,Lifespan Machine,,,
Vesuvius,CeNDR_121018_2v2,Vesuvius_c::2,N2::Rep(3)::Total(50)::20::OP50-1,c::2,2,c,3.99531,5.48281,1.87813,1.83438,N2,,,3,50,20,20,OP50-1,,,,,1,19.8298,2.125,,,0,0,,,Storyboard Annotation,Lifespan Machine,,,
Vesuvius,CeNDR_121018_2v2,Vesuvius_c::2,N2::Rep(3)::Total(50)::20::OP50-1,c::2,2,c,3.99531,5.48281,1.87813,1.83438,N2,,,3,50,20,20,OP50-1,,,,,1,19.8298,2.375,,,0,0,,,Storyboard Annotation,Lifespan Machine,,,
Vesuvius,CeNDR_121018_2v2,Vesuvius_c::2,N2::Rep(3)::Total(50)::20::OP50-1,c::2,2,c,3.99531,5.48281,1.87813,1.83438,N2,,,3,50,20,20,OP50-1,,,,,1,20.5798,0.895833,,,0,0,,,Storyboard Annotation,Lifespan Machine,,,
Vesuvius,CeNDR_121018_2v2,Vesuvius_c::2,N2::Rep(3)::Total(50)::20::OP50-1,c::2,2,c,3.99531,5.48281,1.87813,1.83438,N2,,,3,50,20,20,OP50-1,,,,,1,20.7882,0.541667,,,0,0,,,Storyboard Annotation,Lifespan Machine,,,
Vesuvius,CeNDR_121018_2v2,Vesuvius_c::2,N2::Rep(3)::Total(50)::20::OP50-1,c::2,2,c,3.99531,5.48281,1.87813,1.83438,N2,,,3,50,20,20,OP50-1,,,,,1,21.2465,2.20833,,,0,0,,,Storyboard Annotation,Lifespan Machine,,,
Vesuvius,CeNDR_121018_2v2,Vesuvius_c::2,N2::Rep(3)::Total(50)::20::OP50-1,c::2,2,c,3.99531,5.48281,1.87813,1.83438,N2,,,3,50,20,20,OP50-1,,,,,1,21.5173,6.35417,,,0,0,,,Storyboard Annotation,Lifespan Machine,,,
Vesuvius,CeNDR_121018_2v2,Vesuvius_c::2,N2::Rep(3)::Total(50)::20::OP50-1,c::2,2,c,3.99531,5.48281,1.87813,1.83438,N2,,,3,50,20,20,OP50-1,,,,,1,22.2048,6.16667,,,0,0,,,Storyboard Annotation,Lifespan Machine,,,
Vesuvius,CeNDR_121018_2v2,Vesuvius_c::2,N2::Rep(3)::Total(50)::20::OP50-1,c::2,2,c,3.99531,5.48281,1.87813,1.83438,N2,,,3,50,20,20,OP50-1,,,,,1,22.2465,1.08333,,,0,0,,,Storyboard Annotation,Lifespan Machine,,,
Vesuvius,CeNDR_121018_2v2,Vesuvius_c::2,N2::Rep(3)::Total(50)::20::OP50-1,c::2,2,c,3.99531,5.48281,1.87813,1.83438,N2,,,3,50,20,20,OP50-1,,,,,1,23.9132,0.291667,,,0,0,,,Storyboard Annotation,Lifespan Machine,,,
Vesuvius,CeNDR_121018_2v2,Vesuvius_c::2,N2::Rep(3)::Total(50)::20::OP50-1,c::2,2,c,3.99531,5.48281,1.87813,1.83438,N2,,,3,50,20,20,OP50-1,,,,,1,24.3923,1.02083,,,0,0,,,Storyboard Annotation,Lifespan Machine,,,
Vesuvius,CeNDR_121018_2v2,Vesuvius_c::2,N2::Rep(3)::Total(50)::20::OP50-1,c::2,2,c,3.99531,5.48281,1.87813,1.83438,N2,,,3,50,20,20,OP50-1,,,,,1,24.3923,1.8125,,,0,0,,,Storyboard Annotation,Lifespan Machine,,,
Vesuvius,CeNDR_121018_2v2,Vesuvius_c::2,N2::Rep(3)::Total(50)::20::OP50-1,c::2,2,c,3.99531,5.48281,1.87813,1.83438,N2,,,3,50,20,20,OP50-1,,,,,1,24.4548,2.16667,,,0,0,,,Storyboard Annotation,Lifespan Machine,,,
Vesuvius,CeNDR_121018_2v2,Vesuvius_c::2,N2::Rep(3)::Total(50)::20::OP50-1,c::2,2,c,3.99531,5.48281,1.87813,1.83438,N2,,,3,50,20,20,OP50-1,,,,,1,25.2882,9.66667,,,0,0,,Observed Multiple Worm,Storyboard Annotation,Lifespan Machine,,,
Vesuvius,CeNDR_121018_2v2,Vesuvius_c::2,N2::Rep(3)::Total(50)::20::OP50-1,c::2,2,c,3.99531,5.48281,1.87813,1.83438,N2,,,3,50,20,20,OP50-1,,,,,1,25.309,9.66667,,,0,0,,Induced Multiple Worm,Storyboard Annotation,Lifespan Machine,,,
Vesuvius,CeNDR_121018_2v2,Vesuvius_c::2,N2::Rep(3)::Total(50)::20::OP50-1,c::2,2,c,3.99531,5.48281,1.87813,1.83438,N2,,,3,50,20,20,OP50-1,,,,,1,25.9965,4.83333,,,0,0,,,Storyboard Annotation,Lifespan Machine,,,
Vesuvius,CeNDR_121018_2v2,Vesuvius_c::2,N2::Rep(3)::Total(50)::20::OP50-1,c::2,2,c,3.99531,5.48281,1.87813,1.83438,N2,,,3,50,20,20,OP50-1,,,,,1,26.6215,5.6875,,,0,0,,Observed Multiple Worm,Storyboard Annotation,Lifespan Machine,,,
Vesuvius,CeNDR_121018_2v2,Vesuvius_c::2,N2::Rep(3)::Total(50)::20::OP50-1,c::2,2,c,3.99531,5.48281,1.87813,1.83438,N2,,,3,50,20,20,OP50-1,,,,,1,26.6423,5.6875,,,0,0,,Induced Multiple Worm,Storyboard Annotation,Lifespan Machine,,,
Vesuvius,CeNDR_121018_2v2,Vesuvius_c::2,N2::Rep(3)::Total(50)::20::OP50-1,c::2,2,c,3.99531,5.48281,1.87813,1.83438,N2,,,3,50,20,20,OP50-1,,,,,1,26.9548,1.08333,,,0,0,,,Storyboard Annotation,Lifespan Machine,,,
Vesuvius,CeNDR_121018_2v2,Vesuvius_c::2,N2::Rep(3)::Total(50)::20::OP50-1,c::2,2,c,3.99531,5.48281,1.87813,1.83438,N2,,,3,50,20,20,OP50-1,,,,,1,27.0382,3,,,0,0,,,Storyboard Annotation,Lifespan Machine,,,
Vesuvius,CeNDR_121018_2v2,Vesuvius_c::2,N2::Rep(3)::Total(50)::20::OP50-1,c::2,2,c,3.99531,5.48281,1.87813,1.83438,N2,,,3,50,20,20,OP50-1,,,,,1,27.1215,5.375,,,0,0,,,Storyboard Annotation,Lifespan Machine,,,
MaunaLoa,CeNDR_121018_3v2,MaunaLoa_d::1,N2 ::Rep(1)::Total(46)::20::OP50-1,d::1,1,d,5.98594,3.54219,1.80313,1.84063,N2 ,,,1,46,20,20,OP50-1,,,,,1,9.73622,1.14583,,,0,0,,,Storyboard Annotation,Lifespan Machine,,,
MaunaLoa,CeNDR_121018_3v2,MaunaLoa_d::1,N2 ::Rep(1)::Total(46)::20::OP50-1,d::1,1,d,5.98594,3.54219,1.80313,1.84063,N2 ,,,1,46,20,20,OP50-1,,,,,1,11.1737,1,,,0,0,,,Storyboard Annotation,Lifespan Machine,,,
MaunaLoa,CeNDR_121018_3v2,MaunaLoa_d::1,N2 ::Rep(1)::Total(46)::20::OP50-1,d::1,1,d,5.98594,3.54219,1.80313,1.84063,N2 ,,,1,46,20,20,OP50-1,,,,,1,12.2987,4.0625,,,0.208333,0,,,Automated Analysis,Lifespan Machine,,,
MaunaLoa,CeNDR_121018_3v2,MaunaLoa_d::1,N2 ::Rep(1)::Total(46)::20::OP50-1,d::1,1,d,5.98594,3.54219,1.80313,1.84063,N2 ,,,1,46,20,20,OP50-1,,,,,1,12.7987,1.25,,,0,0,,,Storyboard Annotation,Lifespan Machine,,,
MaunaLoa,CeNDR_121018_3v2,MaunaLoa_d::1,N2 ::Rep(1)::Total(46)::20::OP50-1,d::1,1,d,5.98594,3.54219,1.80313,1.84063,N2 ,,,1,46,20,20,OP50-1,,,,,1,14.757,1.91667,,,0,0,,,Storyboard Annotation,Lifespan Machine,,,
MaunaLoa,CeNDR_121018_3v2,MaunaLoa_d::1,N2 ::Rep(1)::Total(46)::20::OP50-1,d::1,1,d,5.98594,3.54219,1.80313,1.84063,N2 ,,,1,46,20,20,OP50-1,,,,,1,14.8404,2,,,0,0,,,Storyboard Annotation,Lifespan Machine,,,
MaunaLoa,CeNDR_121018_3v2,MaunaLoa_d::1,N2 ::Rep(1)::Total(46)::20::OP50-1,d::1,1,d,5.98594,3.54219,1.80313,1.84063,N2 ,,,1,46,20,20,OP50-1,,,,,1,15.257,2.70833,,,0,0,,,Storyboard Annotation,Lifespan Machine,,,
MaunaLoa,CeNDR_121018_3v2,MaunaLoa_d::1,N2 ::Rep(1)::Total(46)::20::OP50-1,d::1,1,d,5.98594,3.54219,1.80313,1.84063,N2 ,,,1,46,20,20,OP50-1,,,,,1,15.3404,3,,,0,0,,,Storyboard Annotation,Lifespan Machine,,,
MaunaLoa,CeNDR_121018_3v2,MaunaLoa_d::1,N2 ::Rep(1)::Total(46)::20::OP50-1,d::1,1,d,5.98594,3.54219,1.80313,1.84063,N2 ,,,1,46,20,20,OP50-1,,,,,1,15.507,5.25,,,0,0,,,Storyboard Annotation,Lifespan Machine,,,
MaunaLoa,CeNDR_121018_3v2,MaunaLoa_d::1,N2 ::Rep(1)::Total(46)::20::OP50-1,d::1,1,d,5.98594,3.54219,1.80313,1.84063,N2 ,,,1,46,20,20,OP50-1,,,,,1,16.0487,5.25,,,0.208333,0,,,Automated Analysis,Lifespan Machine,,,
MaunaLoa,CeNDR_121018_3v2,MaunaLoa_d::1,N2 ::Rep(1)::Total(46)::20::OP50-1,d::1,1,d,5.98594,3.54219,1.80313,1.84063,N2 ,,,1,46,20,20,OP50-1,,,,,1,16.2154,3.375,,,0,0,,,Storyboard Annotation,Lifespan Machine,,,
MaunaLoa,CeNDR_121018_3v2,MaunaLoa_d::1,N2 ::Rep(1)::Total(46)::20::OP50-1,d::1,1,d,5.98594,3.54219,1.80313,1.84063,N2 ,,,1,46,20,20,OP50-1,,,,,1,18.3404,2.125,,,0,0,,,Storyboard Annotation,Lifespan Machine,,,
MaunaLoa,CeNDR_121018_3v2,MaunaLoa_d::1,N2 ::Rep(1)::Total(46)::20::OP50-1,d::1,1,d,5.98594,3.54219,1.80313,1.84063,N2 ,,,1,46,20,20,OP50-1,,,,,1,18.8404,0.104167,,,0,0,,,Storyboard Annotation,Lifespan Machine,,,
MaunaLoa,CeNDR_121018_3v2,MaunaLoa_d::1,N2 ::Rep(1)::Total(46)::20::OP50-1,d::1,1,d,5.98594,3.54219,1.80313,1.84063,N2 ,,,1,46,20,20,OP50-1,,,,,1,19.0279,1.14583,,,0,0,,,Storyboard Annotation,Lifespan Machine,,,
MaunaLoa,CeNDR_121018_3v2,MaunaLoa_d::1,N2 ::Rep(1)::Total(46)::20::OP50-1,d::1,1,d,5.98594,3.54219,1.80313,1.84063,N2 ,,,1,46,20,20,OP50-1,,,,,1,19.0279,2.52083,,,0.0833333,0,,,Automated Analysis,Lifespan Machine,,,
MaunaLoa,CeNDR_121018_3v2,MaunaLoa_d::1,N2 ::Rep(1)::Total(46)::20::OP50-1,d::1,1,d,5.98594,3.54219,1.80313,1.84063,N2 ,,,1,46,20,20,OP50-1,,,,,1,19.4654,1.70833,,,0,0,,Observed Multiple Worm,Storyboard Annotation,Lifespan Machine,,,
MaunaLoa,CeNDR_121018_3v2,MaunaLoa_d::1,N2 ::Rep(1)::Total(46)::20::OP50-1,d::1,1,d,5.98594,3.54219,1.80313,1.84063,N2 ,,,1,46,20,20,OP50-1,,,,,1,19.4862,1.70833,,,0,0,,Induced Multiple Worm,Storyboard Annotation,Lifespan Machine,,,
MaunaLoa,CeNDR_121018_3v2,MaunaLoa_d::1,N2 ::Rep(1)::Total(46)::20::OP50-1,d::1,1,d,5.98594,3.54219,1.80313,1.84063,N2 ,,,1,46,20,20,OP50-1,,,,,1,19.507,0.666667,,,0,0,,,Storyboard Annotation,Lifespan Machine,,,
MaunaLoa,CeNDR_121018_3v2,MaunaLoa_d::1,N2 ::Rep(1)::Total(46)::20::OP50-1,d::1,1,d,5.98594,3.54219,1.80313,1.84063,N2 ,,,1,46,20,20,OP50-1,,,,,1,19.632,1.08333,,,0.0833333,0,,,Automated Analysis,Lifespan Machine,,,
MaunaLoa,CeNDR_121018_3v2,MaunaLoa_d::1,N2 ::Rep(1)::Total(46)::20::OP50-1,d::1,1,d,5.98594,3.54219,1.80313,1.84063,N2 ,,,1,46,20,20,OP50-1,,,,,1,20.007,4.95833,,,0.0833333,0,,,Automated Analysis,Lifespan Machine,,,
MaunaLoa,CeNDR_121018_3v2,MaunaLoa_d::1,N2 ::Rep(1)::Total(46)::20::OP50-1,d::1,1,d,5.98594,3.54219,1.80313,1.84063,N2 ,,,1,46,20,20,OP50-1,,,,,1,20.0279,49710.2,,,0,0,,Observed Multiple Worm,Storyboard Annotation,Lifespan Machine,,,
MaunaLoa,CeNDR_121018_3v2,MaunaLoa_d::1,N2 ::Rep(1)::Total(46)::20::OP50-1,d::1,1,d,5.98594,3.54219,1.80313,1.84063,N2 ,,,1,46,20,20,OP50-1,,,,,1,20.0279,49710.2,,,0,0,,Induced Multiple Worm,Storyboard Annotation,Lifespan Machine,,,
MaunaLoa,CeNDR_121018_3v2,MaunaLoa_d::1,N2 ::Rep(1)::Total(46)::20::OP50-1,d::1,1,d,5.98594,3.54219,1.80313,1.84063,N2 ,,,1,46,20,20,OP50-1,,,,,1,21.2362,5.77083,,,0.0833333,0,,,Automated Analysis,Lifespan Machine,,,
MaunaLoa,CeNDR_121018_3v2,MaunaLoa_d::1,N2 ::Rep(1)::Total(46)::20::OP50-1,d::1,1,d,5.98594,3.54219,1.80313,1.84063,N2 ,,,1,46,20,20,OP50-1,,,,,1,21.7154,2.6875,,,0,0,,,Storyboard Annotation,Lifespan Machine,,,
MaunaLoa,CeNDR_121018_3v2,MaunaLoa_d::1,N2 ::Rep(1)::Total(46)::20::OP50-1,d::1,1,d,5.98594,3.54219,1.80313,1.84063,N2 ,,,1,46,20,20,OP50-1,,,,,1,21.7154,7.54167,,,0,0,,,Storyboard Annotation,Lifespan Machine,,,
MaunaLoa,CeNDR_121018_3v2,MaunaLoa_d::1,N2 ::Rep(1)::Total(46)::20::OP50-1,d::1,1,d,5.98594,3.54219,1.80313,1.84063,N2 ,,,1,46,20,20,OP50-1,,,,,1,21.757,5.08333,,,0,0,,,Storyboard Annotation,Lifespan Machine,,,
MaunaLoa,CeNDR_121018_3v2,MaunaLoa_d::1,N2 ::Rep(1)::Total(46)::20::OP50-1,d::1,1,d,5.98594,3.54219,1.80313,1.84063,N2 ,,,1,46,20,20,OP50-1,,,,,1,21.9237,0.6875,,,0,0,,,Storyboard Annotation,Lifespan Machine,,,
MaunaLoa,CeNDR_121018_3v2,MaunaLoa_d::1,N2 ::Rep(1)::Total(46)::20::OP50-1,d::1,1,d,5.98594,3.54219,1.80313,1.84063,N2 ,,,1,46,20,20,OP50-1,,,,,1,21.9654,0.729167,,,0.0833333,0,,,Automated Analysis,Lifespan Machine,,,
MaunaLoa,CeNDR_121018_3v2,MaunaLoa_d::1,N2 ::Rep(1)::Total(46)::20::OP50-1,d::1,1,d,5.98594,3.54219,1.80313,1.84063,N2 ,,,1,46,20,20,OP50-1,,,,,1,22.132,2.45833,,,0,0,,Observed Multiple Worm,Storyboard Annotation,Lifespan Machine,,,
MaunaLoa,CeNDR_121018_3v2,MaunaLoa_d::1,N2 ::Rep(1)::Total(46)::20::OP50-1,d::1,1,d,5.98594,3.54219,1.80313,1.84063,N2 ,,,1,46,20,20,OP50-1,,,,,2,22.1529,2.45833,,,0,0,,Induced Multiple Worm,Storyboard Annotation,Lifespan Machine,,,
MaunaLoa,CeNDR_121018_3v2,MaunaLoa_d::1,N2 ::Rep(1)::Total(46)::20::OP50-1,d::1,1,d,5.98594,3.54219,1.80313,1.84063,N2 ,,,1,46,20,20,OP50-1,,,,,1,22.6737,5.79167,,,0.0833333,0,,,Automated Analysis,Lifespan Machine,,,
MaunaLoa,CeNDR_121018_3v2,MaunaLoa_d::1,N2 ::Rep(1)::Total(46)::20::OP50-1,d::1,1,d,5.98594,3.54219,1.80313,1.84063,N2 ,,,1,46,20,20,OP50-1,,,,,1,23.2987,7.125,,,0,0,,,Storyboard Annotation,Lifespan Machine,,,
MaunaLoa,CeNDR_121018_3v2,MaunaLoa_d::1,N2 ::Rep(1)::Total(46)::20::OP50-1,d::1,1,d,5.98594,3.54219,1.80313,1.84063,N2 ,,,1,46,20,20,OP50-1,,,,,1,24.132,1.29167,,,0.0416667,0,,,Automated Analysis,Lifespan Machine,,,
MaunaLoa,CeNDR_121018_3v2,MaunaLoa_d::1,N2 ::Rep(1)::Total(46)::20::OP50-1,d::1,1,d,5.98594,3.54219,1.80313,1.84063,N2 ,,,1,46,20,20,OP50-1,,,,,1,24.382,2.66667,,,0.0833333,0,,,Automated Analysis,Lifespan Machine,,,
MaunaLoa,CeNDR_121018_3v2,MaunaLoa_d::1,N2 ::Rep(1)::Total(46)::20::OP50-1,d::1,1,d,5.98594,3.54219,1.80313,1.84063,N2 ,,,1,46,20,20,OP50-1,,,,,1,24.757,2.04167,,,0,0,,,Storyboard Annotation,Lifespan Machine,,,
MaunaLoa,CeNDR_121018_3v2,MaunaLoa_d::1,N2 ::Rep(1)::Total(46)::20::OP50-1,d::1,1,d,5.98594,3.54219,1.80313,1.84063,N2 ,,,1,46,20,20,OP50-1,,,,,1,24.8404,2.5,,,0.0833333,0,,,Automated Analysis,Lifespan Machine,,,
MaunaLoa,CeNDR_121018_3v2,MaunaLoa_d::1,N2 ::Rep(1)::Total(46)::20::OP50-1,d::1,1,d,5.98594,3.54219,1.80313,1.84063,N2 ,,,1,46,20,20,OP50-1,,,,,1,26.7154,1.66667,,,0,0,,,Storyboard Annotation,Lifespan Machine,,,
HaleBopp,CeNDR_123118,HaleBopp_a::3,N2::Rep(3)::Total(47)::20::OP50-1,a::3,3,a,1.11719,7.75469,1.84063,1.87813,N2,,,3,47,20,20,OP50-1,,,,,1,36.3715,9.5,,,2.04167,1,Objects apparently moving at termination of measurement,,Automated Analysis,Lifespan Machine,,,
HaleBopp,CeNDR_123118,HaleBopp_a::3,N2::Rep(3)::Total(47)::20::OP50-1,a::3,3,a,1.11719,7.75469,1.84063,1.87813,N2,,,3,47,20,20,OP50-1,,,,,1,10.4965,0.354167,,,0,0,,,Storyboard Annotation,Lifespan Machine,,,
HaleBopp,CeNDR_123118,HaleBopp_a::3,N2::Rep(3)::Total(47)::20::OP50-1,a::3,3,a,1.11719,7.75469,1.84063,1.87813,N2,,,3,47,20,20,OP50-1,,,,,1,10.6631,0.916667,,,0,0,,,Storyboard Annotation,Lifespan Machine,,,
HaleBopp,CeNDR_123118,HaleBopp_a::3,N2::Rep(3)::Total(47)::20::OP50-1,a::3,3,a,1.11719,7.75469,1.84063,1.87813,N2,,,3,47,20,20,OP50-1,,,,,1,10.8715,0.916667,,,0,0,,,Storyboard Annotation,Lifespan Machine,,,
HaleBopp,CeNDR_123118,HaleBopp_a::3,N2::Rep(3)::Total(47)::20::OP50-1,a::3,3,a,1.11719,7.75469,1.84063,1.87813,N2,,,3,47,20,20,OP50-1,,,,,1,13.4131,3.83333,,,0,0,,,Storyboard Annotation,Lifespan Machine,,,
HaleBopp,CeNDR_123118,HaleBopp_a::3,N2::Rep(3)::Total(47)::20::OP50-1,a::3,3,a,1.11719,7.75469,1.84063,1.87813,N2,,,3,47,20,20,OP50-1,,,,,1,13.8298,2.66667,,,0,0,,,Storyboard Annotation,Lifespan Machine,,,
HaleBopp,CeNDR_123118,HaleBopp_a::3,N2::Rep(3)::Total(47)::20::OP50-1,a::3,3,a,1.11719,7.75469,1.84063,1.87813,N2,,,3,47,20,20,OP50-1,,,,,1,14.0798,1.04167,,,0.0833333,0,,,Automated Analysis,Lifespan Machine,,,
HaleBopp,CeNDR_123118,HaleBopp_a::3,N2::Rep(3)::Total(47)::20::OP50-1,a::3,3,a,1.11719,7.75469,1.84063,1.87813,N2,,,3,47,20,20,OP50-1,,,,,1,15.1215,1.16667,,,0.0416667,0,,,Automated Analysis,Lifespan Machine,,,
HaleBopp,CeNDR_123118,HaleBopp_a::3,N2::Rep(3)::Total(47)::20::OP50-1,a::3,3,a,1.11719,7.75469,1.84063,1.87813,N2,,,3,47,20,20,OP50-1,,,,,1,15.3298,0.0833333,,,0,0,,,Storyboard Annotation,Lifespan Machine,,,
HaleBopp,CeNDR_123118,HaleBopp_a::3,N2::Rep(3)::Total(47)::20::OP50-1,a::3,3,a,1.11719,7.75469,1.84063,1.87813,N2,,,3,47,20,20,OP50-1,,,,,1,18.1631,0.666667,,,0,0,,,Storyboard Annotation,Lifespan Machine,,,
HaleBopp,CeNDR_123118,HaleBopp_a::3,N2::Rep(3)::Total(47)::20::OP50-1,a::3,3,a,1.11719,7.75469,1.84063,1.87813,N2,,,3,47,20,20,OP50-1,,,,,1,18.8715,4.25,,,0.125,0,,,Automated Analysis,Lifespan Machine,,,
HaleBopp,CeNDR_123118,HaleBopp_a::3,N2::Rep(3)::Total(47)::20::OP50-1,a::3,3,a,1.11719,7.75469,1.84063,1.87813,N2,,,3,47,20,20,OP50-1,,,,,1,19.3298,1.41667,,,0.0833333,0,,,Automated Analysis,Lifespan Machine,,,
HaleBopp,CeNDR_123118,HaleBopp_a::3,N2::Rep(3)::Total(47)::20::OP50-1,a::3,3,a,1.11719,7.75469,1.84063,1.87813,N2,,,3,47,20,20,OP50-1,,,,,1,19.9965,0.5,,,0.0416667,0,,,Automated Analysis,Lifespan Machine,,,
HaleBopp,CeNDR_123118,HaleBopp_a::3,N2::Rep(3)::Total(47)::20::OP50-1,a::3,3,a,1.11719,7.75469,1.84063,1.87813,N2,,,3,47,20,20,OP50-1,,,,,1,19.9965,6.25,,,0,0,,,Storyboard Annotation,Lifespan Machine,,,
HaleBopp,CeNDR_123118,HaleBopp_a::3,N2::Rep(3)::Total(47)::20::OP50-1,a::3,3,a,1.11719,7.75469,1.84063,1.87813,N2,,,3,47,20,20,OP50-1,,,,,1,21.1631,9.04167,,,0,0,,Observed Multiple Worm,Storyboard Annotation,Lifespan Machine,,,
HaleBopp,CeNDR_123118,HaleBopp_a::3,N2::Rep(3)::Total(47)::20::OP50-1,a::3,3,a,1.11719,7.75469,1.84063,1.87813,N2,,,3,47,20,20,OP50-1,,,,,1,21.184,9.04167,,,0,0,,Induced Multiple Worm,Storyboard Annotation,Lifespan Machine,,,
HaleBopp,CeNDR_123118,HaleBopp_a::3,N2::Rep(3)::Total(47)::20::OP50-1,a::3,3,a,1.11719,7.75469,1.84063,1.87813,N2,,,3,47,20,20,OP50-1,,,,,1,21.4965,2.54167,,,0.0416667,0,,,Automated Analysis,Lifespan Machine,,,
HaleBopp,CeNDR_123118,HaleBopp_a::3,N2::Rep(3)::Total(47)::20::OP50-1,a::3,3,a,1.11719,7.75469,1.84063,1.87813,N2,,,3,47,20,20,OP50-1,,,,,1,21.7881,1.125,,,0.0416667,0,,,Automated Analysis,Lifespan Machine,,,
HaleBopp,CeNDR_123118,HaleBopp_a::3,N2::Rep(3)::Total(47)::20::OP50-1,a::3,3,a,1.11719,7.75469,1.84063,1.87813,N2,,,3,47,20,20,OP50-1,,,,,1,21.8298,3.875,,,0,0,,Observed Multiple Worm,Storyboard Annotation,Lifespan Machine,,,
HaleBopp,CeNDR_123118,HaleBopp_a::3,N2::Rep(3)::Total(47)::20::OP50-1,a::3,3,a,1.11719,7.75469,1.84063,1.87813,N2,,,3,47,20,20,OP50-1,,,,,1,21.8506,3.875,,,0,0,,Induced Multiple Worm,Storyboard Annotation,Lifespan Machine,,,
HaleBopp,CeNDR_123118,HaleBopp_a::3,N2::Rep(3)::Total(47)::20::OP50-1,a::3,3,a,1.11719,7.75469,1.84063,1.87813,N2,,,3,47,20,20,OP50-1,,,,,1,22.7465,5.25,,,0,0,,,Storyboard Annotation,Lifespan Machine,,,
HaleBopp,CeNDR_123118,HaleBopp_a::3,N2::Rep(3)::Total(47)::20::OP50-1,a::3,3,a,1.11719,7.75469,1.84063,1.87813,N2,,,3,47,20,20,OP50-1,,,,,1,22.8298,2.25,,,0.0416667,0,,,Automated Analysis,Lifespan Machine,,,
HaleBopp,CeNDR_123118,HaleBopp_a::3,N2::Rep(3)::Total(47)::20::OP50-1,a::3,3,a,1.11719,7.75469,1.84063,1.87813,N2,,,3,47,20,20,OP50-1,,,,,1,23.3298,2.75,,,0.0416667,0,,,Automated Analysis,Lifespan Machine,,,
HaleBopp,CeNDR_123118,HaleBopp_a::3,N2::Rep(3)::Total(47)::20::OP50-1,a::3,3,a,1.11719,7.75469,1.84063,1.87813,N2,,,3,47,20,20,OP50-1,,,,,1,23.6631,1.29167,,,0.0416667,0,,,Automated Analysis,Lifespan Machine,,,
HaleBopp,CeNDR_123118,HaleBopp_a::3,N2::Rep(3)::Total(47)::20::OP50-1,a::3,3,a,1.11719,7.75469,1.84063,1.87813,N2,,,3,47,20,20,OP50-1,,,,,1,24.9756,49710,,,0,0,,Observed Multiple Worm,Storyboard Annotation,Lifespan Machine,,,
HaleBopp,CeNDR_123118,HaleBopp_a::3,N2::Rep(3)::Total(47)::20::OP50-1,a::3,3,a,1.11719,7.75469,1.84063,1.87813,N2,,,3,47,20,20,OP50-1,,,,,1,24.9756,49710,,,0,0,,Induced Multiple Worm,Storyboard Annotation,Lifespan Machine,,,
HaleBopp,CeNDR_123118,HaleBopp_a::3,N2::Rep(3)::Total(47)::20::OP50-1,a::3,3,a,1.11719,7.75469,1.84063,1.87813,N2,,,3,47,20,20,OP50-1,,,,,1,25.4965,4.45833,,,0,0,,,Storyboard Annotation,Lifespan Machine,,,
HaleBopp,CeNDR_123118,HaleBopp_a::3,N2::Rep(3)::Total(47)::20::OP50-1,a::3,3,a,1.11719,7.75469,1.84063,1.87813,N2,,,3,47,20,20,OP50-1,,,,,1,25.9965,7.79167,,,0.0416667,0,,,Automated Analysis,Lifespan Machine,,,
HaleBopp,CeNDR_123118,HaleBopp_a::3,N2::Rep(3)::Total(47)::20::OP50-1,a::3,3,a,1.11719,7.75469,1.84063,1.87813,N2,,,3,47,20,20,OP50-1,,,,,1,26.7465,4.16667,,,0.0416667,0,,,Automated Analysis,Lifespan Machine,,,
HaleBopp,CeNDR_123118,HaleBopp_a::3,N2::Rep(3)::Total(47)::20::OP50-1,a::3,3,a,1.11719,7.75469,1.84063,1.87813,N2,,,3,47,20,20,OP50-1,,,,,1,27.0381,4.91667,,,0.0416667,0,,,Automated Analysis,Lifespan Machine,,,
HaleBopp,CeNDR_123118,HaleBopp_a::3,N2::Rep(3)::Total(47)::20::OP50-1,a::3,3,a,1.11719,7.75469,1.84063,1.87813,N2,,,3,47,20,20,OP50-1,,,,,1,28.1215,11.6042,,,0,0,,,Storyboard Annotation,Lifespan Machine,,,
HaleBopp,CeNDR_123118,HaleBopp_a::3,N2::Rep(3)::Total(47)::20::OP50-1,a::3,3,a,1.11719,7.75469,1.84063,1.87813,N2,,,3,47,20,20,OP50-1,,,,,1,29.1631,11.5,,,0,0,,,Storyboard Annotation,Lifespan Machine,,,
HaleBopp,CeNDR_123118,HaleBopp_a::3,N2::Rep(3)::Total(47)::20::OP50-1,a::3,3,a,1.11719,7.75469,1.84063,1.87813,N2,,,3,47,20,20,OP50-1,,,,,1,30.2048,1.04167,,,0.0416667,0,,,Automated Analysis,Lifespan Machine,,,
HaleBopp,CeNDR_123118,HaleBopp_a::3,N2::Rep(3)::Total(47)::20::OP50-1,a::3,3,a,1.11719,7.75469,1.84063,1.87813,N2,,,3,47,20,20,OP50-1,,,,,1,30.2048,7.45833,,,2.04167,0,,,Automated Analysis,Lifespan Machine,,,
HaleBopp,CeNDR_123118,HaleBopp_b::1,N2::Rep(4)::Total(42)::20::OP50-1,b::1,1,b,2.20937,3.38594,1.86875,1.89063,N2,,,4,42,20,20,OP50-1,,,,,1,11.2986,0.458333,,,0,0,,,Storyboard Annotation,Lifespan Machine,,,
HaleBopp,CeNDR_123118,HaleBopp_b::1,N2::Rep(4)::Total(42)::20::OP50-1,b::1,1,b,2.20937,3.38594,1.86875,1.89063,N2,,,4,42,20,20,OP50-1,,,,,1,11.8402,1.54167,,,0,0,,,Storyboard Annotation,Lifespan Machine,,,
HaleBopp,CeNDR_123118,HaleBopp_b::1,N2::Rep(4)::Total(42)::20::OP50-1,b::1,1,b,2.20937,3.38594,1.86875,1.89063,N2,,,4,42,20,20,OP50-1,,,,,1,12.7986,0.875,,,0,0,,,Storyboard Annotation,Lifespan Machine,,,
HaleBopp,CeNDR_123118,HaleBopp_b::1,N2::Rep(4)::Total(42)::20::OP50-1,b::1,1,b,2.20937,3.38594,1.86875,1.89063,N2,,,4,42,20,20,OP50-1,,,,,1,13.2569,1.20833,,,0,0,,,Storyboard Annotation,Lifespan Machine,,,
HaleBopp,CeNDR_123118,HaleBopp_b::1,N2::Rep(4)::Total(42)::20::OP50-1,b::1,1,b,2.20937,3.38594,1.86875,1.89063,N2,,,4,42,20,20,OP50-1,,,,,1,14.9236,3.625,,,0.0833333,0,,,Automated Analysis,Lifespan Machine,,,
HaleBopp,CeNDR_123118,HaleBopp_b::1,N2::Rep(4)::Total(42)::20::OP50-1,b::1,1,b,2.20937,3.38594,1.86875,1.89063,N2,,,4,42,20,20,OP50-1,,,,,1,15.7569,3.95833,,,0,0,,,Storyboard Annotation,Lifespan Machine,,,
HaleBopp,CeNDR_123118,HaleBopp_b::1,N2::Rep(4)::Total(42)::20::OP50-1,b::1,1,b,2.20937,3.38594,1.86875,1.89063,N2,,,4,42,20,20,OP50-1,,,,,1,15.8402,4,,,0,0,,Observed Multiple Worm,Storyboard Annotation,Lifespan Machine,,,
HaleBopp,CeNDR_123118,HaleBopp_b::1,N2::Rep(4)::Total(42)::20::OP50-1,b::1,1,b,2.20937,3.38594,1.86875,1.89063,N2,,,4,42,20,20,OP50-1,,,,,1,15.8611,4,,,0,0,,Induced Multiple Worm,Storyboard Annotation,Lifespan Machine,,,
HaleBopp,CeNDR_123118,HaleBopp_b::1,N2::Rep(4)::Total(42)::20::OP50-1,b::1,1,b,2.20937,3.38594,1.86875,1.89063,N2,,,4,42,20,20,OP50-1,,,,,1,17.0069,0,,,0.0416667,0,,,Automated Analysis,Lifespan Machine,,,
HaleBopp,CeNDR_123118,HaleBopp_b::1,N2::Rep(4)::Total(42)::20::OP50-1,b::1,1,b,2.20937,3.38594,1.86875,1.89063,N2,,,4,42,20,20,OP50-1,,,,,1,19.7986,3.95833,,,0.166667,0,,,Automated Analysis,Lifespan Machine,,,
HaleBopp,CeNDR_123118,HaleBopp_b::1,N2::Rep(4)::Total(42)::20::OP50-1,b::1,1,b,2.20937,3.38594,1.86875,1.89063,N2,,,4,42,20,20,OP50-1,,,,,1,19.9652,0.791667,,,0.0416667,0,,,Automated Analysis,Lifespan Machine,,,
HaleBopp,CeNDR_123118,HaleBopp_b::1,N2::Rep(4)::Total(42)::20::OP50-1,b::1,1,b,2.20937,3.38594,1.86875,1.89063,N2,,,4,42,20,20,OP50-1,,,,,1,20.4652,1.33333,,,0.0416667,0,,,Automated Analysis,Lifespan Machine,,,
HaleBopp,CeNDR_123118,HaleBopp_b::1,N2::Rep(4)::Total(42)::20::OP50-1,b::1,1,b,2.20937,3.38594,1.86875,1.89063,N2,,,4,42,20,20,OP50-1,,,,,1,21.2569,6,,,0.166667,0,,,Automated Analysis,Lifespan Machine,,,
HaleBopp,CeNDR_123118,HaleBopp_b::1,N2::Rep(4)::Total(42)::20::OP50-1,b::1,1,b,2.20937,3.38594,1.86875,1.89063,N2,,,4,42,20,20,OP50-1,,,,,1,22.5902,1.25,,,0.0416667,0,,,Automated Analysis,Lifespan Machine,,,
HaleBopp,CeNDR_123118,HaleBopp_b::1,N2::Rep(4)::Total(42)::20::OP50-1,b::1,1,b,2.20937,3.38594,1.86875,1.89063,N2,,,4,42,20,20,OP50-1,,,,,1,22.7152,4.54167,,,0.0416667,0,,,Automated Analysis,Lifespan Machine,,,
HaleBopp,CeNDR_123118,HaleBopp_b::1,N2::Rep(4)::Total(42)::20::OP50-1,b::1,1,b,2.20937,3.38594,1.86875,1.89063,N2,,,4,42,20,20,OP50-1,,,,,1,23.7152,4.45833,,,0.0416667,0,,,Automated Analysis,Lifespan Machine,,,
HaleBopp,CeNDR_123118,HaleBopp_b::1,N2::Rep(4)::Total(42)::20::OP50-1,b::1,1,b,2.20937,3.38594,1.86875,1.89063,N2,,,4,42,20,20,OP50-1,,,,,1,23.8819,4.54167,,,0.0416667,0,,,Automated Analysis,Lifespan Machine,,,
HaleBopp,CeNDR_123118,HaleBopp_b::1,N2::Rep(4)::Total(42)::20::OP50-1,b::1,1,b,2.20937,3.38594,1.86875,1.89063,N2,,,4,42,20,20,OP50-1,,,,,1,23.9652,5.16667,,,0,0,,,Storyboard Annotation,Lifespan Machine,,,
HaleBopp,CeNDR_123118,HaleBopp_b::1,N2::Rep(4)::Total(42)::20::OP50-1,b::1,1,b,2.20937,3.38594,1.86875,1.89063,N2,,,4,42,20,20,OP50-1,,,,,1,24.1319,1.45833,,,0,0,,,Storyboard Annotation,Lifespan Machine,,,
HaleBopp,CeNDR_123118,HaleBopp_b::1,N2::Rep(4)::Total(42)::20::OP50-1,b::1,1,b,2.20937,3.38594,1.86875,1.89063,N2,,,4,42,20,20,OP50-1,,,,,1,24.6319,4.08333,,,0,0,,Observed Multiple Worm,Storyboard Annotation,Lifespan Machine,,,
HaleBopp,CeNDR_123118,HaleBopp_b::1,N2::Rep(4)::Total(42)::20::OP50-1,b::1,1,b,2.20937,3.38594,1.86875,1.89063,N2,,,4,42,20,20,OP50-1,,,,,1,24.6527,4.08333,,,0,0,,Induced Multiple Worm,Storyboard Annotation,Lifespan Machine,,,
HaleBopp,CeNDR_123118,HaleBopp_b::1,N2::Rep(4)::Total(42)::20::OP50-1,b::1,1,b,2.20937,3.38594,1.86875,1.89063,N2,,,4,42,20,20,OP50-1,,,,,1,24.9236,5.20833,,,0.0416667,0,,,Automated Analysis,Lifespan Machine,,,
HaleBopp,CeNDR_123118,HaleBopp_b::1,N2::Rep(4)::Total(42)::20::OP50-1,b::1,1,b,2.20937,3.38594,1.86875,1.89063,N2,,,4,42,20,20,OP50-1,,,,,1,25.1736,3.08333,,,0,0,,,Storyboard Annotation,Lifespan Machine,,,
HaleBopp,CeNDR_123118,HaleBopp_b::1,N2::Rep(4)::Total(42)::20::OP50-1,b::1,1,b,2.20937,3.38594,1.86875,1.89063,N2,,,4,42,20,20,OP50-1,,,,,1,25.5902,9.64583,,,0,0,,Observed Multiple Worm,Storyboard Annotation,Lifespan Machine,,,
HaleBopp,CeNDR_123118,HaleBopp_b::1,N2::Rep(4)::Total(42)::20::OP50-1,b::1,1,b,2.20937,3.38594,1.86875,1.89063,N2,,,4,42,20,20,OP50-1,,,,,1,25.6111,9.64583,,,0,0,,Induced Multiple Worm,Storyboard Annotation,Lifespan Machine,,,
HaleBopp,CeNDR_123118,HaleBopp_b::1,N2::Rep(4)::Total(42)::20::OP50-1,b::1,1,b,2.20937,3.38594,1.86875,1.89063,N2,,,4,42,20,20,OP50-1,,,,,1,25.6319,6.54167,,,0.0416667,0,,,Automated Analysis,Lifespan Machine,,,
HaleBopp,CeNDR_123118,HaleBopp_b::1,N2::Rep(4)::Total(42)::20::OP50-1,b::1,1,b,2.20937,3.38594,1.86875,1.89063,N2,,,4,42,20,20,OP50-1,,,,,1,25.7569,3.91667,,,0.0416667,0,,,Automated Analysis,Lifespan Machine,,,
HaleBopp,CeNDR_123118,HaleBopp_b::1,N2::Rep(4)::Total(42)::20::OP50-1,b::1,1,b,2.20937,3.38594,1.86875,1.89063,N2,,,4,42,20,20,OP50-1,,,,,1,25.8402,4.54167,,,0.0416667,0,,,Automated Analysis,Lifespan Machine,,,
HaleBopp,CeNDR_123118,HaleBopp_b::1,N2::Rep(4)::Total(42)::20::OP50-1,b::1,1,b,2.20937,3.38594,1.86875,1.89063,N2,,,4,42,20,20,OP50-1,,,,,1,26.5486,1.33333,,,0,0,,,Storyboard Annotation,Lifespan Machine,,,
HaleBopp,CeNDR_123118,HaleBopp_c::2,N2::Rep(2)::Total(36)::20::OP50-1,c::2,2,c,4.19531,5.39219,1.83438,1.89063,N2,,,2,36,20,20,OP50-1,,,,,1,9.2673,1.04167,,,0,0,,,Storyboard Annotation,Lifespan Machine,,,
HaleBopp,CeNDR_123118,HaleBopp_c::2,N2::Rep(2)::Total(36)::20::OP50-1,c::2,2,c,4.19531,5.39219,1.83438,1.89063,N2,,,2,36,20,20,OP50-1,,,,,1,11.0173,0.375,,,0,0,,,Storyboard Annotation,Lifespan Machine,,,
HaleBopp,CeNDR_123118,HaleBopp_c::2,N2::Rep(2)::Total(36)::20::OP50-1,c::2,2,c,4.19531,5.39219,1.83438,1.89063,N2,,,2,36,20,20,OP50-1,,,,,1,11.8923,0.166667,,,0,0,,,Storyboard Annotation,Lifespan Machine,,,
HaleBopp,CeNDR_123118,HaleBopp_c::2,N2::Rep(2)::Total(36)::20::OP50-1,c::2,2,c,4.19531,5.39219,1.83438,1.89063,N2,,,2,36,20,20,OP50-1,,,,,1,13.1423,1.08333,,,0,0,,,Storyboard Annotation,Lifespan Machine,,,
HaleBopp,CeNDR_123118,HaleBopp_c::2,N2::Rep(2)::Total(36)::20::OP50-1,c::2,2,c,4.19531,5.39219,1.83438,1.89063,N2,,,2,36,20,20,OP50-1,,,,,1,13.184,2.25,,,0.0833333,0,,,Automated Analysis,Lifespan Machine,,,
HaleBopp,CeNDR_123118,HaleBopp_c::2,N2::Rep(2)::Total(36)::20::OP50-1,c::2,2,c,4.19531,5.39219,1.83438,1.89063,N2,,,2,36,20,20,OP50-1,,,,,1,13.2256,0.375,,,0.0833333,0,,,Automated Analysis,Lifespan Machine,,,
HaleBopp,CeNDR_123118,HaleBopp_c::2,N2::Rep(2)::Total(36)::20::OP50-1,c::2,2,c,4.19531,5.39219,1.83438,1.89063,N2,,,2,36,20,20,OP50-1,,,,,1,13.9756,0.375,,,0.0833333,0,,,Automated Analysis,Lifespan Machine,,,
HaleBopp,CeNDR_123118,HaleBopp_c::2,N2::Rep(2)::Total(36)::20::OP50-1,c::2,2,c,4.19531,5.39219,1.83438,1.89063,N2,,,2,36,20,20,OP50-1,,,,,1,14.2673,0.666667,,,0.0833333,0,,,Automated Analysis,Lifespan Machine,,,
HaleBopp,CeNDR_123118,HaleBopp_c::2,N2::Rep(2)::Total(36)::20::OP50-1,c::2,2,c,4.19531,5.39219,1.83438,1.89063,N2,,,2,36,20,20,OP50-1,,,,,1,15.7673,1.04167,,,0,0,,,Storyboard Annotation,Lifespan Machine,,,
HaleBopp,CeNDR_123118,HaleBopp_c::2,N2::Rep(2)::Total(36)::20::OP50-1,c::2,2,c,4.19531,5.39219,1.83438,1.89063,N2,,,2,36,20,20,OP50-1,,,,,1,20.059,2.875,,,0,0,,,Storyboard Annotation,Lifespan Machine,,,
HaleBopp,CeNDR_123118,HaleBopp_c::2,N2::Rep(2)::Total(36)::20::OP50-1,c::2,2,c,4.19531,5.39219,1.83438,1.89063,N2,,,2,36,20,20,OP50-1,,,,,1,20.184,3.16667,,,0,0,,Observed Multiple Worm,Storyboard Annotation,Lifespan Machine,,,
HaleBopp,CeNDR_123118,HaleBopp_c::2,N2::Rep(2)::Total(36)::20::OP50-1,c::2,2,c,4.19531,5.39219,1.83438,1.89063,N2,,,2,36,20,20,OP50-1,,,,,1,20.2048,3.16667,,,0,0,,Induced Multiple Worm,Storyboard Annotation,Lifespan Machine,,,
HaleBopp,CeNDR_123118,HaleBopp_c::2,N2::Rep(2)::Total(36)::20::OP50-1,c::2,2,c,4.19531,5.39219,1.83438,1.89063,N2,,,2,36,20,20,OP50-1,,,,,1,21.309,3,,,0,0,,Observed Multiple Worm,Storyboard Annotation,Lifespan Machine,,,
HaleBopp,CeNDR_123118,HaleBopp_c::2,N2::Rep(2)::Total(36)::20::OP50-1,c::2,2,c,4.19531,5.39219,1.83438,1.89063,N2,,,2,36,20,20,OP50-1,,,,,1,21.3298,3,,,0,0,,Induced Multiple Worm,Storyboard Annotation,Lifespan Machine,,,
HaleBopp,CeNDR_123118,HaleBopp_c::2,N2::Rep(2)::Total(36)::20::OP50-1,c::2,2,c,4.19531,5.39219,1.83438,1.89063,N2,,,2,36,20,20,OP50-1,,,,,1,22.1423,4.375,,,0.0833333,0,,,Automated Analysis,Lifespan Machine,,,
HaleBopp,CeNDR_123118,HaleBopp_c::2,N2::Rep(2)::Total(36)::20::OP50-1,c::2,2,c,4.19531,5.39219,1.83438,1.89063,N2,,,2,36,20,20,OP50-1,,,,,1,22.8923,3.20833,,,0.0416667,0,,,Automated Analysis,Lifespan Machine,,,
HaleBopp,CeNDR_123118,HaleBopp_c::2,N2::Rep(2)::Total(36)::20::OP50-1,c::2,2,c,4.19531,5.39219,1.83438,1.89063,N2,,,2,36,20,20,OP50-1,,,,,1,23.7673,7.04167,,,0,0,,,Storyboard Annotation,Lifespan Machine,,,
HaleBopp,CeNDR_123118,HaleBopp_c::2,N2::Rep(2)::Total(36)::20::OP50-1,c::2,2,c,4.19531,5.39219,1.83438,1.89063,N2,,,2,36,20,20,OP50-1,,,,,1,23.934,2.08333,,,0.0416667,0,,,Automated Analysis,Lifespan Machine,,,
HaleBopp,CeNDR_123118,HaleBopp_c::2,N2::Rep(2)::Total(36)::20::OP50-1,c::2,2,c,4.19531,5.39219,1.83438,1.89063,N2,,,2,36,20,20,OP50-1,,,,,1,23.9756,5.41667,,,0.0416667,0,,,Automated Analysis,Lifespan Machine,,,
HaleBopp,CeNDR_123118,HaleBopp_c::2,N2::Rep(2)::Total(36)::20::OP50-1,c::2,2,c,4.19531,5.39219,1.83438,1.89063,N2,,,2,36,20,20,OP50-1,,,,,1,24.059,3.20833,,,0.0416667,0,,,Automated Analysis,Lifespan Machine,,,
HaleBopp,CeNDR_123118,HaleBopp_c::2,N2::Rep(2)::Total(36)::20::OP50-1,c::2,2,c,4.19531,5.39219,1.83438,1.89063,N2,,,2,36,20,20,OP50-1,,,,,1,24.6006,0.666667,,,0.0416667,0,,,Automated Analysis,Lifespan Machine,,,
HaleBopp,CeNDR_123118,HaleBopp_c::2,N2::Rep(2)::Total(36)::20::OP50-1,c::2,2,c,4.19531,5.39219,1.83438,1.89063,N2,,,2,36,20,20,OP50-1,,,,,1,25.5173,2.83333,,,0.0416667,0,,,Automated Analysis,Lifespan Machine,,,
HaleBopp,CeNDR_123118,HaleBopp_c::2,N2::Rep(2)::Total(36)::20::OP50-1,c::2,2,c,4.19531,5.39219,1.83438,1.89063,N2,,,2,36,20,20,OP50-1,,,,,1,26.1006,7.04167,,,0,0,,,Storyboard Annotation,Lifespan Machine,,,
HaleBopp,CeNDR_123118,HaleBopp_c::2,N2::Rep(2)::Total(36)::20::OP50-1,c::2,2,c,4.19531,5.39219,1.83438,1.89063,N2,,,2,36,20,20,OP50-1,,,,,1,26.309,7.75,,,0,0,,Observed Multiple Worm,Storyboard Annotation,Lifespan Machine,,,
HaleBopp,CeNDR_123118,HaleBopp_c::2,N2::Rep(2)::Total(36)::20::OP50-1,c::2,2,c,4.19531,5.39219,1.83438,1.89063,N2,,,2,36,20,20,OP50-1,,,,,1,26.3298,7.75,,,0,0,,Induced Multiple Worm,Storyboard Annotation,Lifespan Machine,,,
HaleBopp,CeNDR_123118,HaleBopp_c::2,N2::Rep(2)::Total(36)::20::OP50-1,c::2,2,c,4.19531,5.39219,1.83438,1.89063,N2,,,2,36,20,20,OP50-1,,,,,1,27.2673,6.29167,,,0.0416667,0,,,Automated Analysis,Lifespan Machine,,,
HaleBopp,CeNDR_123118,HaleBopp_c::2,N2::Rep(2)::Total(36)::20::OP50-1,c::2,2,c,4.19531,5.39219,1.83438,1.89063,N2,,,2,36,20,20,OP50-1,,,,,1,27.4756,8.16667,,,0,0,,,Storyboard Annotation,Lifespan Machine,,,
HaleBopp,CeNDR_123118,HaleBopp_c::2,N2::Rep(2)::Total(36)::20::OP50-1,c::2,2,c,4.19531,5.39219,1.83438,1.89063,N2,,,2,36,20,20,OP50-1,,,,,1,28.1423,10.125,,,0,0,,,Storyboard Annotation,Lifespan Machine,,,
HaleBopp,CeNDR_123118,HaleBopp_c::2,N2::Rep(2)::Total(36)::20::OP50-1,c::2,2,c,4.19531,5.39219,1.83438,1.89063,N2,,,2,36,20,20,OP50-1,,,,,1,30.2256,4.45833,,,0,0,,,Storyboard Annotation,Lifespan Machine,,,
HaleBopp,CeNDR_123118,HaleBopp_d::3,N2::Rep(1)::Total(41)::20::OP50-1,d::3,3,d,6.10781,7.87344,1.81563,1.87813,N2,,,1,41,20,20,OP50-1,,,,,1,11.5694,0.833333,,,0,0,,,Storyboard Annotation,Lifespan Machine,,,
HaleBopp,CeNDR_123118,HaleBopp_d::3,N2::Rep(1)::Total(41)::20::OP50-1,d::3,3,d,6.10781,7.87344,1.81563,1.87813,N2,,,1,41,20,20,OP50-1,,,,,1,11.7361,0.916667,,,0,0,,,Storyboard Annotation,Lifespan Machine,,,
HaleBopp,CeNDR_123118,HaleBopp_d::3,N2::Rep(1)::Total(41)::20::OP50-1,d::3,3,d,6.10781,7.87344,1.81563,1.87813,N2,,,1,41,20,20,OP50-1,,,,,1,11.9652,49709.8,,,0,0,,,Storyboard Annotation,Lifespan Machine,,,
HaleBopp,CeNDR_123118,HaleBopp_d::3,N2::Rep(1)::Total(41)::20::OP50-1,d::3,3,d,6.10781,7.87344,1.81563,1.87813,N2,,,1,41,20,20,OP50-1,,,,,1,13.1527,0.333333,,,0,0,,Observed Multiple Worm,Storyboard Annotation,Lifespan Machine,,,
HaleBopp,CeNDR_123118,HaleBopp_d::3,N2::Rep(1)::Total(41)::20::OP50-1,d::3,3,d,6.10781,7.87344,1.81563,1.87813,N2,,,1,41,20,20,OP50-1,,,,,1,12.6111,0.333333,,,0,0,,Induced Multiple Worm,Storyboard Annotation,Lifespan Machine,,,
HaleBopp,CeNDR_123118,HaleBopp_d::3,N2::Rep(1)::Total(41)::20::OP50-1,d::3,3,d,6.10781,7.87344,1.81563,1.87813,N2,,,1,41,20,20,OP50-1,,,,,1,18.4444,6.70833,,,0,0,,,Storyboard Annotation,Lifespan Machine,,,
HaleBopp,CeNDR_123118,HaleBopp_d::3,N2::Rep(1)::Total(41)::20::OP50-1,d::3,3,d,6.10781,7.87344,1.81563,1.87813,N2,,,1,41,20,20,OP50-1,,,,,1,18.9444,5.5,,,0.375,0,,,Automated Analysis,Lifespan Machine,,,
HaleBopp,CeNDR_123118,HaleBopp_d::3,N2::Rep(1)::Total(41)::20::OP50-1,d::3,3,d,6.10781,7.87344,1.81563,1.87813,N2,,,1,41,20,20,OP50-1,,,,,1,21.3194,3.75,,,0.0833333,0,,,Automated Analysis,Lifespan Machine,,,
HaleBopp,CeNDR_123118,HaleBopp_d::3,N2::Rep(1)::Total(41)::20::OP50-1,d::3,3,d,6.10781,7.87344,1.81563,1.87813,N2,,,1,41,20,20,OP50-1,,,,,1,23.5277,3.29167,,,0.0833333,0,,,Automated Analysis,Lifespan Machine,,,
HaleBopp,CeNDR_123118,HaleBopp_d::3,N2::Rep(1)::Total(41)::20::OP50-1,d::3,3,d,6.10781,7.87344,1.81563,1.87813,N2,,,1,41,20,20,OP50-1,,,,,1,23.9861,7.54167,,,0,0,,,Storyboard Annotation,Lifespan Machine,,,
HaleBopp,CeNDR_123118,HaleBopp_d::3,N2::Rep(1)::Total(41)::20::OP50-1,d::3,3,d,6.10781,7.87344,1.81563,1.87813,N2,,,1,41,20,20,OP50-1,,,,,1,24.1527,8.5,,,0.375,0,,,Automated Analysis,Lifespan Machine,,,
HaleBopp,CeNDR_123118,HaleBopp_d::3,N2::Rep(1)::Total(41)::20::OP50-1,d::3,3,d,6.10781,7.87344,1.81563,1.87813,N2,,,1,41,20,20,OP50-1,,,,,1,24.7361,9.375,,,0.375,0,,,Automated Analysis,Lifespan Machine,,,
HaleBopp,CeNDR_123118,HaleBopp_d::3,N2::Rep(1)::Total(41)::20::OP50-1,d::3,3,d,6.10781,7.87344,1.81563,1.87813,N2,,,1,41,20,20,OP50-1,,,,,1,24.8194,5.08333,,,0,0,,Observed Multiple Worm,Storyboard Annotation,Lifespan Machine,,,
HaleBopp,CeNDR_123118,HaleBopp_d::3,N2::Rep(1)::Total(41)::20::OP50-1,d::3,3,d,6.10781,7.87344,1.81563,1.87813,N2,,,1,41,20,20,OP50-1,,,,,1,24.8402,5.08333,,,0,0,,Induced Multiple Worm,Storyboard Annotation,Lifespan Machine,,,
HaleBopp,CeNDR_123118,HaleBopp_d::3,N2::Rep(1)::Total(41)::20::OP50-1,d::3,3,d,6.10781,7.87344,1.81563,1.87813,N2,,,1,41,20,20,OP50-1,,,,,1,24.8194,7.70833,,,0.0833333,0,,,Automated Analysis,Lifespan Machine,,,
HaleBopp,CeNDR_123118,HaleBopp_d::3,N2::Rep(1)::Total(41)::20::OP50-1,d::3,3,d,6.10781,7.87344,1.81563,1.87813,N2,,,1,41,20,20,OP50-1,,,,,1,24.8611,3.91667,,,0.0833333,0,,,Automated Analysis,Lifespan Machine,,,
HaleBopp,CeNDR_123118,HaleBopp_d::3,N2::Rep(1)::Total(41)::20::OP50-1,d::3,3,d,6.10781,7.87344,1.81563,1.87813,N2,,,1,41,20,20,OP50-1,,,,,1,25.7361,9.625,,,0.375,0,,,Automated Analysis,Lifespan Machine,,,
HaleBopp,CeNDR_123118,HaleBopp_d::3,N2::Rep(1)::Total(41)::20::OP50-1,d::3,3,d,6.10781,7.87344,1.81563,1.87813,N2,,,1,41,20,20,OP50-1,,,,,1,25.9444,9.16667,,,0,0,,Observed Multiple Worm,Storyboard Annotation,Lifespan Machine,,,
HaleBopp,CeNDR_123118,HaleBopp_d::3,N2::Rep(1)::Total(41)::20::OP50-1,d::3,3,d,6.10781,7.87344,1.81563,1.87813,N2,,,1,41,20,20,OP50-1,,,,,1,25.9652,9.16667,,,0,0,,Induced Multiple Worm,Storyboard Annotation,Lifespan Machine,,,
HaleBopp,CeNDR_123118,HaleBopp_d::3,N2::Rep(1)::Total(41)::20::OP50-1,d::3,3,d,6.10781,7.87344,1.81563,1.87813,N2,,,1,41,20,20,OP50-1,,,,,1,26.1111,4.5,,,0.0833333,0,,,Automated Analysis,Lifespan Machine,,,
HaleBopp,CeNDR_123118,HaleBopp_d::3,N2::Rep(1)::Total(41)::20::OP50-1,d::3,3,d,6.10781,7.87344,1.81563,1.87813,N2,,,1,41,20,20,OP50-1,,,,,1,27.1944,3.625,,,0.0416667,0,,,Automated Analysis,Lifespan Machine,,,
HaleBopp,CeNDR_123118,HaleBopp_d::3,N2::Rep(1)::Total(41)::20::OP50-1,d::3,3,d,6.10781,7.87344,1.81563,1.87813,N2,,,1,41,20,20,OP50-1,,,,,1,30.1944,5.58333,,,2,0,,,Automated Analysis,Lifespan Machine,,,
HaleBopp,CeNDR_123118,HaleBopp_d::3,N2::Rep(1)::Total(41)::20::OP50-1,d::3,3,d,6.10781,7.87344,1.81563,1.87813,N2,,,1,41,20,20,OP50-1,,,,,1,30.1944,4.08333,,,2,0,,,Automated Analysis,Lifespan Machine,,,
HaleBopp,CeNDR_123118,HaleBopp_d::3,N2::Rep(1)::Total(41)::20::OP50-1,d::3,3,d,6.10781,7.87344,1.81563,1.87813,N2,,,1,41,20,20,OP50-1,,,,,1,30.3194,3.91667,,,2,0,,,Automated Analysis,Lifespan Machine,,,
HaleBopp,CeNDR_123118,HaleBopp_d::3,N2::Rep(1)::Total(41)::20::OP50-1,d::3,3,d,6.10781,7.87344,1.81563,1.87813,N2,,,1,41,20,20,OP50-1,,,,,1,35.5277,15.5417,,,0,0,,Observed Multiple Worm,Storyboard Annotation,Lifespan Machine,,,
HaleBopp,CeNDR_123118,HaleBopp_d::3,N2::Rep(1)::Total(41)::20::OP50-1,d::3,3,d,6.10781,7.87344,1.81563,1.87813,N2,,,1,41,20,20,OP50-1,,,,,1,35.5486,15.5417,,,0,0,,Induced Multiple Worm,Storyboard Annotation,Lifespan Machine,,,
Pegasus,PAS_022519v2,Pegasus_d::1,N2 PD1073::Rep(4)::Total(49)::20::OP50-1,d::1,1,d,6.12969,3.36406,1.94687,1.89688,N2,,,Rep(4),Total(49),20,20,OP50-1,,,,,1,10.6217,0.333333,0,16.955,17.455,0,,,Storyboard Annotation,Lifespan Machine,,,
Pegasus,PAS_022519v2,Pegasus_d::1,N2 PD1073::Rep(4)::Total(49)::20::OP50-1,d::1,1,d,6.12969,3.36406,1.94687,1.89688,N2,,,Rep(4),Total(49),20,20,OP50-1,,,,,1,10.9134,0.583333,0,,,0,,,Storyboard Annotation,Lifespan Machine,,,
Pegasus,PAS_022519v2,Pegasus_d::1,N2 PD1073::Rep(4)::Total(49)::20::OP50-1,d::1,1,d,6.12969,3.36406,1.94687,1.89688,N2,,,Rep(4),Total(49),20,20,OP50-1,,,,,1,11.83,0.583333,0.0416667,11.705,13.1217,0,,,Automated Analysis,Lifespan Machine,,,
Pegasus,PAS_022519v2,Pegasus_d::1,N2 PD1073::Rep(4)::Total(49)::20::OP50-1,d::1,1,d,6.12969,3.36406,1.94687,1.89688,N2,,,Rep(4),Total(49),20,20,OP50-1,,,,,1,12.4967,0.5,0.0416667,13.6217,15.33,0,,,Automated Analysis,Lifespan Machine,,,
Pegasus,PAS_022519v2,Pegasus_d::1,N2 PD1073::Rep(4)::Total(49)::20::OP50-1,d::1,1,d,6.12969,3.36406,1.94687,1.89688,N2,,,Rep(4),Total(49),20,20,OP50-1,,,,,1,14.1217,1.58333,0,14.3717,15.0384,0,,,Storyboard Annotation,Lifespan Machine,,,
Pegasus,PAS_022519v2,Pegasus_d::1,N2 PD1073::Rep(4)::Total(49)::20::OP50-1,d::1,1,d,6.12969,3.36406,1.94687,1.89688,N2,,,Rep(4),Total(49),20,20,OP50-1,,,,,1,14.7884,1.375,0,14.6634,16.455,0,,,Storyboard Annotation,Lifespan Machine,,,
Pegasus,PAS_022519v2,Pegasus_d::1,N2 PD1073::Rep(4)::Total(49)::20::OP50-1,d::1,1,d,6.12969,3.36406,1.94687,1.89688,N2,,,Rep(4),Total(49),20,20,OP50-1,,,,,1,14.955,0.208333,0,,,0,,,Storyboard Annotation,Lifespan Machine,,,
Pegasus,PAS_022519v2,Pegasus_d::1,N2 PD1073::Rep(4)::Total(49)::20::OP50-1,d::1,1,d,6.12969,3.36406,1.94687,1.89688,N2,,,Rep(4),Total(49),20,20,OP50-1,,,,,1,15.2259,49709.6,0,,,0,,,Storyboard Annotation,Lifespan Machine,,,
Pegasus,PAS_022519v2,Pegasus_d::1,N2 PD1073::Rep(4)::Total(49)::20::OP50-1,d::1,1,d,6.12969,3.36406,1.94687,1.89688,N2,,,Rep(4),Total(49),20,20,OP50-1,,,,,1,15.33,0.791667,0.0416667,,,0,,,Automated Analysis,Lifespan Machine,,,
Pegasus,PAS_022519v2,Pegasus_d::1,N2 PD1073::Rep(4)::Total(49)::20::OP50-1,d::1,1,d,6.12969,3.36406,1.94687,1.89688,N2,,,Rep(4),Total(49),20,20,OP50-1,,,,,1,15.4134,2.125,0,,,0,,Observed Multiple Worm,Storyboard Annotation,Lifespan Machine,,,
Pegasus,PAS_022519v2,Pegasus_d::1,N2 PD1073::Rep(4)::Total(49)::20::OP50-1,d::1,1,d,6.12969,3.36406,1.94687,1.89688,N2,,,Rep(4),Total(49),20,20,OP50-1,,,,,1,16.6634,2.20833,0.0416667,,,0,,,Automated Analysis,Lifespan Machine,,,
Pegasus,PAS_022519v2,Pegasus_d::1,N2 PD1073::Rep(4)::Total(49)::20::OP50-1,d::1,1,d,6.12969,3.36406,1.94687,1.89688,N2,,,Rep(4),Total(49),20,20,OP50-1,,,,,1,17.1634,1.20833,0.0416667,17.1634,18.0384,0,,,Automated Analysis,Lifespan Machine,,,
Pegasus,PAS_022519v2,Pegasus_d::1,N2 PD1073::Rep(4)::Total(49)::20::OP50-1,d::1,1,d,6.12969,3.36406,1.94687,1.89688,N2,,,Rep(4),Total(49),20,20,OP50-1,,,,,1,17.58,3.54167,0,,,0,,,Storyboard Annotation,Lifespan Machine,,,
Pegasus,PAS_022519v2,Pegasus_d::1,N2 PD1073::Rep(4)::Total(49)::20::OP50-1,d::1,1,d,6.12969,3.36406,1.94687,1.89688,N2,,,Rep(4),Total(49),20,20,OP50-1,,,,,1,18.2884,1.75,0,18.205,20.33,0,,,Storyboard Annotation,Lifespan Machine,,,
Pegasus,PAS_022519v2,Pegasus_d::1,N2 PD1073::Rep(4)::Total(49)::20::OP50-1,d::1,1,d,6.12969,3.36406,1.94687,1.89688,N2,,,Rep(4),Total(49),20,20,OP50-1,,,,,1,18.4134,5.125,0,,,0,,Observed Multiple Worm,Storyboard Annotation,Lifespan Machine,,,
Pegasus,PAS_022519v2,Pegasus_d::1,N2 PD1073::Rep(4)::Total(49)::20::OP50-1,d::1,1,d,6.12969,3.36406,1.94687,1.89688,N2,,,Rep(4),Total(49),20,20,OP50-1,,,,,1,18.6217,2.41667,0,18.8717,22.0384,0,,,Storyboard Annotation,Lifespan Machine,,,
Pegasus,PAS_022519v2,Pegasus_d::1,N2 PD1073::Rep(4)::Total(49)::20::OP50-1,d::1,1,d,6.12969,3.36406,1.94687,1.89688,N2,,,Rep(4),Total(49),20,20,OP50-1,,,,,1,20.08,6.875,0,19.83,22.1634,0,,,Storyboard Annotation,Lifespan Machine,,,
Pegasus,PAS_022519v2,Pegasus_d::1,N2 PD1073::Rep(4)::Total(49)::20::OP50-1,d::1,1,d,6.12969,3.36406,1.94687,1.89688,N2,,,Rep(4),Total(49),20,20,OP50-1,,,,,1,20.1217,0.916667,0,20.5384,23.4134,0,,,Storyboard Annotation,Lifespan Machine,,,
Pegasus,PAS_022519v2,Pegasus_d::1,N2 PD1073::Rep(4)::Total(49)::20::OP50-1,d::1,1,d,6.12969,3.36406,1.94687,1.89688,N2,,,Rep(4),Total(49),20,20,OP50-1,,,,,1,20.2467,4.25,0,21.6217,23.7884,0,,,Storyboard Annotation,Lifespan Machine,,,
Pegasus,PAS_022519v2,Pegasus_d::1,N2 PD1073::Rep(4)::Total(49)::20::OP50-1,d::1,1,d,6.12969,3.36406,1.94687,1.89688,N2,,,Rep(4),Total(49),20,20,OP50-1,,,,,1,20.83,8.5,0,21.58,23.4134,0,,,Storyboard Annotation,Lifespan Machine,,,
Pegasus,PAS_022519v2,Pegasus_d::1,N2 PD1073::Rep(4)::Total(49)::20::OP50-1,d::1,1,d,6.12969,3.36406,1.94687,1.89688,N2,,,Rep(4),Total(49),20,20,OP50-1,,,,,1,21.0384,2.45833,0,,,0,,,Storyboard Annotation,Lifespan Machine,,,
Pegasus,PAS_022519v2,Pegasus_d::1,N2 PD1073::Rep(4)::Total(49)::20::OP50-1,d::1,1,d,6.12969,3.36406,1.94687,1.89688,N2,,,Rep(4),Total(49),20,20,OP50-1,,,,,1,21.5384,4.16667,0,,,0,,,Storyboard Annotation,Lifespan Machine,,,
Pegasus,PAS_022519v2,Pegasus_d::1,N2 PD1073::Rep(4)::Total(49)::20::OP50-1,d::1,1,d,6.12969,3.36406,1.94687,1.89688,N2,,,Rep(4),Total(49),20,20,OP50-1,,,,,1,21.58,0.416667,0.0416667,21.955,24.955,0,,,Automated Analysis,Lifespan Machine,,,
Pegasus,PAS_022519v2,Pegasus_d::1,N2 PD1073::Rep(4)::Total(49)::20::OP50-1,d::1,1,d,6.12969,3.36406,1.94687,1.89688,N2,,,Rep(4),Total(49),20,20,OP50-1,,,,,1,21.6634,3.08333,0,21.83,25.0384,0,,,Storyboard Annotation,Lifespan Machine,,,
Pegasus,PAS_022519v2,Pegasus_d::1,N2 PD1073::Rep(4)::Total(49)::20::OP50-1,d::1,1,d,6.12969,3.36406,1.94687,1.89688,N2,,,Rep(4),Total(49),20,20,OP50-1,,,,,1,22.2467,0.916667,0,22.9134,24.83,0,,,Storyboard Annotation,Lifespan Machine,,,
Pegasus,PAS_022519v2,Pegasus_d::1,N2 PD1073::Rep(4)::Total(49)::20::OP50-1,d::1,1,d,6.12969,3.36406,1.94687,1.89688,N2,,,Rep(4),Total(49),20,20,OP50-1,,,,,1,24.1217,1,0.0416667,,,0,,,Automated Analysis,Lifespan Machine,,,
Pegasus,PAS_022519v2,Pegasus_d::1,N2 PD1073::Rep(4)::Total(49)::20::OP50-1,d::1,1,d,6.12969,3.36406,1.94687,1.89688,N2,,,Rep(4),Total(49),20,20,OP50-1,,,,,1,24.1634,1.79167,0,,,0,,Observed Multiple Worm,Storyboard Annotation,Lifespan Machine,,,
Pegasus,PAS_022519v2,Pegasus_d::1,N2 PD1073::Rep(4)::Total(49)::20::OP50-1,d::1,1,d,6.12969,3.36406,1.94687,1.89688,N2,,,Rep(4),Total(49),20,20,OP50-1,,,,,1,24.205,2.79167,0,24.2884,28.205,0,,,Storyboard Annotation,Lifespan Machine,,,
Pegasus,PAS_022519v2,Pegasus_d::1,N2 PD1073::Rep(4)::Total(49)::20::OP50-1,d::1,1,d,6.12969,3.36406,1.94687,1.89688,N2,,,Rep(4),Total(49),20,20,OP50-1,,,,,1,24.33,2.04167,0,23.9967,28.205,0,,,Storyboard Annotation,Lifespan Machine,,,
Pegasus,PAS_022519v2,Pegasus_d::1,N2 PD1073::Rep(4)::Total(49)::20::OP50-1,d::1,1,d,6.12969,3.36406,1.94687,1.89688,N2,,,Rep(4),Total(49),20,20,OP50-1,,,,,1,24.4967,2.70833,0,,,0,,,Storyboard Annotation,Lifespan Machine,,,
Pegasus,PAS_022519v2,Pegasus_d::1,N2 PD1073::Rep(4)::Total(49)::20::OP50-1,d::1,1,d,6.12969,3.36406,1.94687,1.89688,N2,,,Rep(4),Total(49),20,20,OP50-1,,,,,1,24.9967,6.54167,0,,,0,,,Storyboard Annotation,Lifespan Machine,,,
Pegasus,PAS_022519v2,Pegasus_d::1,N2 PD1073::Rep(4)::Total(49)::20::OP50-1,d::1,1,d,6.12969,3.36406,1.94687,1.89688,N2,,,Rep(4),Total(49),20,20,OP50-1,,,,,1,25.33,1.66667,0,,,0,,,Storyboard Annotation,Lifespan Machine,,,
Pegasus,PAS_022519v2,Pegasus_d::1,N2 PD1073::Rep(4)::Total(49)::20::OP50-1,d::1,1,d,6.12969,3.36406,1.94687,1.89688,N2,,,Rep(4),Total(49),20,20,OP50-1,,,,,1,27.9967,1.33333,0,,,0,,,Storyboard Annotation,Lifespan Machine,,,
Pegasus,PAS_022519v2,Pegasus_d::1,N2 PD1073::Rep(4)::Total(49)::20::OP50-1,d::1,1,d,6.12969,3.36406,1.94687,1.89688,N2,,,Rep(4),Total(49),20,20,OP50-1,,,,,1,28.08,4.5,0,28.8717,31.205,0,,,Storyboard Annotation,Lifespan Machine,,,
Pegasus,PAS_022519v2,Pegasus_d::1,N2 PD1073::Rep(4)::Total(49)::20::OP50-1,d::1,1,d,6.12969,3.36406,1.94687,1.89688,N2,,,Rep(4),Total(49),20,20,OP50-1,,,,,1,29.0384,2.375,0,31.33,34.205,0,,,Storyboard Annotation,Lifespan Machine,,,
Pegasus,PAS_022519v2,Pegasus_d::1,N2 PD1073::Rep(4)::Total(49)::20::OP50-1,d::1,1,d,6.12969,3.36406,1.94687,1.89688,N2,,,Rep(4),Total(49),20,20,OP50-1,,,,,1,29.0384,8.33333,0,29.205,31.7467,0,,,Storyboard Annotation,Lifespan Machine,,,
Pegasus,PAS_022519v2,Pegasus_d::1,N2 PD1073::Rep(4)::Total(49)::20::OP50-1,d::1,1,d,6.12969,3.36406,1.94687,1.89688,N2,,,Rep(4),Total(49),20,20,OP50-1,,,,,1,30.955,0.416667,0.0416667,,,0,,,Automated Analysis,Lifespan Machine,,,
Pegasus,PAS_022519v2,Pegasus_d::1,N2 PD1073::Rep(4)::Total(49)::20::OP50-1,d::1,1,d,6.12969,3.36406,1.94687,1.89688,N2,,,Rep(4),Total(49),20,20,OP50-1,,,,,1,33.2467,10.875,0,,,0,,Observed Multiple Worm,Storyboard Annotation,Lifespan Machine,,,
Pegasus,PAS_022519v2,Pegasus_d::1,N2 PD1073::Rep(4)::Total(49)::20::OP50-1,d::1,1,d,6.12969,3.36406,1.94687,1.89688,N2,,,Rep(4),Total(49),20,20,OP50-1,,,,,1,33.6217,9.33333,0,33.4967,35.08,0,,,Storyboard Annotation,Lifespan Machine,,,
Pegasus,PAS_022519v2,Pegasus_c::2,N2 PD1073::Rep(3)::Total(50)::20::OP50-1,c::2,2,c,4.27969,5.40156,1.78438,1.84688,N2,,,Rep(3),Total(50),20,20,OP50-1,,,,,1,9.96544,0.0208333,0,,,0,,,Storyboard Annotation,Lifespan Machine,,,
Pegasus,PAS_022519v2,Pegasus_c::2,N2 PD1073::Rep(3)::Total(50)::20::OP50-1,c::2,2,c,4.27969,5.40156,1.78438,1.84688,N2,,,Rep(3),Total(50),20,20,OP50-1,,,,,1,10.0279,0.25,0,13.1946,13.6946,0,,,Storyboard Annotation,Lifespan Machine,,,
Pegasus,PAS_022519v2,Pegasus_c::2,N2 PD1073::Rep(3)::Total(50)::20::OP50-1,c::2,2,c,4.27969,5.40156,1.78438,1.84688,N2,,,Rep(3),Total(50),20,20,OP50-1,,,,,1,11.0696,0.208333,0,,,0,,,Storyboard Annotation,Lifespan Machine,,,
Pegasus,PAS_022519v2,Pegasus_c::2,N2 PD1073::Rep(3)::Total(50)::20::OP50-1,c::2,2,c,4.27969,5.40156,1.78438,1.84688,N2,,,Rep(3),Total(50),20,20,OP50-1,,,,,1,11.1529,0.5,0,11.2363,13.7779,0,,,Storyboard Annotation,Lifespan Machine,,,
Pegasus,PAS_022519v2,Pegasus_c::2,N2 PD1073::Rep(3)::Total(50)::20::OP50-1,c::2,2,c,4.27969,5.40156,1.78438,1.84688,N2,,,Rep(3),Total(50),20,20,OP50-1,,,,,1,13.0696,0.291667,0,12.7779,13.4029,0,,,Storyboard Annotation,Lifespan Machine,,,
Pegasus,PAS_022519v2,Pegasus_c::2,N2 PD1073::Rep(3)::Total(50)::20::OP50-1,c::2,2,c,4.27969,5.40156,1.78438,1.84688,N2,,,Rep(3),Total(50),20,20,OP50-1,,,,,1,13.1113,1.33333,0,12.5696,13.7779,0,,,Storyboard Annotation,Lifespan Machine,,,
Pegasus,PAS_022519v2,Pegasus_c::2,N2 PD1073::Rep(3)::Total(50)::20::OP50-1,c::2,2,c,4.27969,5.40156,1.78438,1.84688,N2,,,Rep(3),Total(50),20,20,OP50-1,,,,,1,13.1529,0.541667,0,,,0,,,Storyboard Annotation,Lifespan Machine,,,
Pegasus,PAS_022519v2,Pegasus_c::2,N2 PD1073::Rep(3)::Total(50)::20::OP50-1,c::2,2,c,4.27969,5.40156,1.78438,1.84688,N2,,,Rep(3),Total(50),20,20,OP50-1,,,,,1,13.2363,1.45833,0,14.1946,14.7363,0,,,Storyboard Annotation,Lifespan Machine,,,
Pegasus,PAS_022519v2,Pegasus_c::2,N2 PD1073::Rep(3)::Total(50)::20::OP50-1,c::2,2,c,4.27969,5.40156,1.78438,1.84688,N2,,,Rep(3),Total(50),20,20,OP50-1,,,,,1,15.0279,0.25,0,,,0,,,Storyboard Annotation,Lifespan Machine,,,
Pegasus,PAS_022519v2,Pegasus_c::2,N2 PD1073::Rep(3)::Total(50)::20::OP50-1,c::2,2,c,4.27969,5.40156,1.78438,1.84688,N2,,,Rep(3),Total(50),20,20,OP50-1,,,,,1,15.3196,0.708333,0,,,0,,Observed Multiple Worm,Storyboard Annotation,Lifespan Machine,,,
Pegasus,PAS_022519v2,Pegasus_c::2,N2 PD1073::Rep(3)::Total(50)::20::OP50-1,c::2,2,c,4.27969,5.40156,1.78438,1.84688,N2,,,Rep(3),Total(50),20,20,OP50-1,,,,,1,16.2363,1.66667,0,16.6946,21.1113,0,,,Storyboard Annotation,Lifespan Machine,,,
Pegasus,PAS_022519v2,Pegasus_c::2,N2 PD1073::Rep(3)::Total(50)::20::OP50-1,c::2,2,c,4.27969,5.40156,1.78438,1.84688,N2,,,Rep(3),Total(50),20,20,OP50-1,,,,,1,16.2779,1.5,0,,,0,,,Storyboard Annotation,Lifespan Machine,,,
Pegasus,PAS_022519v2,Pegasus_c::2,N2 PD1073::Rep(3)::Total(50)::20::OP50-1,c::2,2,c,4.27969,5.40156,1.78438,1.84688,N2,,,Rep(3),Total(50),20,20,OP50-1,,,,,1,17.2363,5.79167,0,19.1946,19.5279,0,,,Storyboard Annotation,Lifespan Machine,,,
Pegasus,PAS_022519v2,Pegasus_c::2,N2 PD1073::Rep(3)::Total(50)::20::OP50-1,c::2,2,c,4.27969,5.40156,1.78438,1.84688,N2,,,Rep(3),Total(50),20,20,OP50-1,,,,,1,17.4863,0.916667,0,,,0,,,Storyboard Annotation,Lifespan Machine,,,
Pegasus,PAS_022519v2,Pegasus_c::2,N2 PD1073::Rep(3)::Total(50)::20::OP50-1,c::2,2,c,4.27969,5.40156,1.78438,1.84688,N2,,,Rep(3),Total(50),20,20,OP50-1,,,,,1,18.6113,5.29167,0,,,0,,,Storyboard Annotation,Lifespan Machine,,,
Pegasus,PAS_022519v2,Pegasus_c::2,N2 PD1073::Rep(3)::Total(50)::20::OP50-1,c::2,2,c,4.27969,5.40156,1.78438,1.84688,N2,,,Rep(3),Total(50),20,20,OP50-1,,,,,1,18.8196,4.875,0.0416667,21.2363,22.9446,0,,,Automated Analysis,Lifespan Machine,,,
Pegasus,PAS_022519v2,Pegasus_c::2,N2 PD1073::Rep(3)::Total(50)::20::OP50-1,c::2,2,c,4.27969,5.40156,1.78438,1.84688,N2,,,Rep(3),Total(50),20,20,OP50-1,,,,,1,19.6529,1.04167,0,19.9029,23.2363,0,,,Storyboard Annotation,Lifespan Machine,,,
Pegasus,PAS_022519v2,Pegasus_c::2,N2 PD1073::Rep(3)::Total(50)::20::OP50-1,c::2,2,c,4.27969,5.40156,1.78438,1.84688,N2,,,Rep(3),Total(50),20,20,OP50-1,,,,,1,19.8196,4.33333,0,19.1113,20.8196,0,,,Storyboard Annotation,Lifespan Machine,,,
Pegasus,PAS_022519v2,Pegasus_c::2,N2 PD1073::Rep(3)::Total(50)::20::OP50-1,c::2,2,c,4.27969,5.40156,1.78438,1.84688,N2,,,Rep(3),Total(50),20,20,OP50-1,,,,,1,20.4446,5.83333,0,,,0,,Observed Multiple Worm,Storyboard Annotation,Lifespan Machine,,,
Pegasus,PAS_022519v2,Pegasus_c::2,N2 PD1073::Rep(3)::Total(50)::20::OP50-1,c::2,2,c,4.27969,5.40156,1.78438,1.84688,N2,,,Rep(3),Total(50),20,20,OP50-1,,,,,1,20.7779,2.625,0,,,0,,Observed Multiple Worm,Storyboard Annotation,Lifespan Machine,,,
Pegasus,PAS_022519v2,Pegasus_c::2,N2 PD1073::Rep(3)::Total(50)::20::OP50-1,c::2,2,c,4.27969,5.40156,1.78438,1.84688,N2,,,Rep(3),Total(50),20,20,OP50-1,,,,,1,21.6113,2,0,21.7363,23.5279,0,,,Storyboard Annotation,Lifespan Machine,,,
Pegasus,PAS_022519v2,Pegasus_c::2,N2 PD1073::Rep(3)::Total(50)::20::OP50-1,c::2,2,c,4.27969,5.40156,1.78438,1.84688,N2,,,Rep(3),Total(50),20,20,OP50-1,,,,,1,21.8196,4.625,0,,,0,,,Storyboard Annotation,Lifespan Machine,,,
Pegasus,PAS_022519v2,Pegasus_c::2,N2 PD1073::Rep(3)::Total(50)::20::OP50-1,c::2,2,c,4.27969,5.40156,1.78438,1.84688,N2,,,Rep(3),Total(50),20,20,OP50-1,,,,,1,21.8613,3.54167,0,21.7779,23.5279,0,,,Storyboard Annotation,Lifespan Machine,,,
Pegasus,PAS_022519v2,Pegasus_c::2,N2 PD1073::Rep(3)::Total(50)::20::OP50-1,c::2,2,c,4.27969,5.40156,1.78438,1.84688,N2,,,Rep(3),Total(50),20,20,OP50-1,,,,,1,21.8613,3.70833,0,,,0,,Observed Multiple Worm,Storyboard Annotation,Lifespan Machine,,,
Pegasus,PAS_022519v2,Pegasus_c::2,N2 PD1073::Rep(3)::Total(50)::20::OP50-1,c::2,2,c,4.27969,5.40156,1.78438,1.84688,N2,,,Rep(3),Total(50),20,20,OP50-1,,,,,1,22.7779,4,0,22.3196,24.9446,0,,,Storyboard Annotation,Lifespan Machine,,,
Pegasus,PAS_022519v2,Pegasus_c::2,N2 PD1073::Rep(3)::Total(50)::20::OP50-1,c::2,2,c,4.27969,5.40156,1.78438,1.84688,N2,,,Rep(3),Total(50),20,20,OP50-1,,,,,1,22.8613,3.04167,0,23.1529,24.7363,0,,,Storyboard Annotation,Lifespan Machine,,,
Pegasus,PAS_022519v2,Pegasus_c::2,N2 PD1073::Rep(3)::Total(50)::20::OP50-1,c::2,2,c,4.27969,5.40156,1.78438,1.84688,N2,,,Rep(3),Total(50),20,20,OP50-1,,,,,1,23.1113,3.70833,0,23.1946,24.7363,0,,,Storyboard Annotation,Lifespan Machine,,,
Pegasus,PAS_022519v2,Pegasus_c::2,N2 PD1073::Rep(3)::Total(50)::20::OP50-1,c::2,2,c,4.27969,5.40156,1.78438,1.84688,N2,,,Rep(3),Total(50),20,20,OP50-1,,,,,1,23.2363,0.583333,0,23.6113,24.9446,0,,,Storyboard Annotation,Lifespan Machine,,,
Pegasus,PAS_022519v2,Pegasus_c::2,N2 PD1073::Rep(3)::Total(50)::20::OP50-1,c::2,2,c,4.27969,5.40156,1.78438,1.84688,N2,,,Rep(3),Total(50),20,20,OP50-1,,,,,1,23.3613,5.25,0,23.9029,24.7779,0,,,Storyboard Annotation,Lifespan Machine,,,
Pegasus,PAS_022519v2,Pegasus_c::2,N2 PD1073::Rep(3)::Total(50)::20::OP50-1,c::2,2,c,4.27969,5.40156,1.78438,1.84688,N2,,,Rep(3),Total(50),20,20,OP50-1,,,,,1,23.4863,2.375,0,,,0,,Observed Multiple Worm,Storyboard Annotation,Lifespan Machine,,,
Pegasus,PAS_022519v2,Pegasus_c::2,N2 PD1073::Rep(3)::Total(50)::20::OP50-1,c::2,2,c,4.27969,5.40156,1.78438,1.84688,N2,,,Rep(3),Total(50),20,20,OP50-1,,,,,1,23.4863,6.83333,0,23.4863,24.9863,0,,,Storyboard Annotation,Lifespan Machine,,,
Pegasus,PAS_022519v2,Pegasus_c::2,N2 PD1073::Rep(3)::Total(50)::20::OP50-1,c::2,2,c,4.27969,5.40156,1.78438,1.84688,N2,,,Rep(3),Total(50),20,20,OP50-1,,,,,1,23.8613,2.75,0,,,0,,Observed Multiple Worm,Storyboard Annotation,Lifespan Machine,,,
Pegasus,PAS_022519v2,Pegasus_c::2,N2 PD1073::Rep(3)::Total(50)::20::OP50-1,c::2,2,c,4.27969,5.40156,1.78438,1.84688,N2,,,Rep(3),Total(50),20,20,OP50-1,,,,,1,23.8613,7.91667,0,24.1946,28.1946,0,,,Storyboard Annotation,Lifespan Machine,,,
Pegasus,PAS_022519v2,Pegasus_c::2,N2 PD1073::Rep(3)::Total(50)::20::OP50-1,c::2,2,c,4.27969,5.40156,1.78438,1.84688,N2,,,Rep(3),Total(50),20,20,OP50-1,,,,,1,24.2779,2.95833,0,,,0,,,Storyboard Annotation,Lifespan Machine,,,
Pegasus,PAS_022519v2,Pegasus_c::2,N2 PD1073::Rep(3)::Total(50)::20::OP50-1,c::2,2,c,4.27969,5.40156,1.78438,1.84688,N2,,,Rep(3),Total(50),20,20,OP50-1,,,,,1,24.4029,9.33333,0,24.0279,28.1946,0,,,Storyboard Annotation,Lifespan Machine,,,
Pegasus,PAS_022519v2,Pegasus_c::2,N2 PD1073::Rep(3)::Total(50)::20::OP50-1,c::2,2,c,4.27969,5.40156,1.78438,1.84688,N2,,,Rep(3),Total(50),20,20,OP50-1,,,,,1,26.6529,5.91667,0,,,0,,,Storyboard Annotation,Lifespan Machine,,,
Pegasus,PAS_022519v2,Pegasus_c::2,N2 PD1073::Rep(3)::Total(50)::20::OP50-1,c::2,2,c,4.27969,5.40156,1.78438,1.84688,N2,,,Rep(3),Total(50),20,20,OP50-1,,,,,1,26.6529,3.58333,0,,,0,,,Storyboard Annotation,Lifespan Machine,,,
Pegasus,PAS_022519v2,Pegasus_c::2,N2 PD1073::Rep(3)::Total(50)::20::OP50-1,c::2,2,c,4.27969,5.40156,1.78438,1.84688,N2,,,Rep(3),Total(50),20,20,OP50-1,,,,,1,26.6529,5.20833,0,,,0,,,Storyboard Annotation,Lifespan Machine,,,
Pegasus,PAS_022519v2,Pegasus_c::2,N2 PD1073::Rep(3)::Total(50)::20::OP50-1,c::2,2,c,4.27969,5.40156,1.78438,1.84688,N2,,,Rep(3),Total(50),20,20,OP50-1,,,,,1,27.9863,5.79167,0,,,0,,,Storyboard Annotation,Lifespan Machine,,,
Pegasus,PAS_022519v2,Pegasus_c::2,N2 PD1073::Rep(3)::Total(50)::20::OP50-1,c::2,2,c,4.27969,5.40156,1.78438,1.84688,N2,,,Rep(3),Total(50),20,20,OP50-1,,,,,1,32.9446,12.5417,0,32.9863,35.0696,0,,,Storyboard Annotation,Lifespan Machine,,,
Pegasus,PAS_022519v2,Pegasus_b::3,N2 PD1073::Rep(2)::Total(49)::20::OP50-1,b::3,3,b,2.16094,8.03906,1.78438,1.84688,N2,,,Rep(2),Total(49),20,20,OP50-1,,,,,1,12.5592,0.625,0,,,0,,,Storyboard Annotation,Lifespan Machine,,,
Pegasus,PAS_022519v2,Pegasus_b::3,N2 PD1073::Rep(2)::Total(49)::20::OP50-1,b::3,3,b,2.16094,8.03906,1.78438,1.84688,N2,,,Rep(2),Total(49),20,20,OP50-1,,,,,1,12.6842,2.20833,0,,,0,,,Storyboard Annotation,Lifespan Machine,,,
Pegasus,PAS_022519v2,Pegasus_b::3,N2 PD1073::Rep(2)::Total(49)::20::OP50-1,b::3,3,b,2.16094,8.03906,1.78438,1.84688,N2,,,Rep(2),Total(49),20,20,OP50-1,,,,,1,12.7259,0.541667,0,17.6009,18.0175,0,,,Storyboard Annotation,Lifespan Machine,,,
Pegasus,PAS_022519v2,Pegasus_b::3,N2 PD1073::Rep(2)::Total(49)::20::OP50-1,b::3,3,b,2.16094,8.03906,1.78438,1.84688,N2,,,Rep(2),Total(49),20,20,OP50-1,,,,,1,13.0175,0.958333,0.0416667,,,0,,,Automated Analysis,Lifespan Machine,,,
Pegasus,PAS_022519v2,Pegasus_b::3,N2 PD1073::Rep(2)::Total(49)::20::OP50-1,b::3,3,b,2.16094,8.03906,1.78438,1.84688,N2,,,Rep(2),Total(49),20,20,OP50-1,,,,,1,13.0592,1.125,0,,,0,,,Storyboard Annotation,Lifespan Machine,,,
Pegasus,PAS_022519v2,Pegasus_b::3,N2 PD1073::Rep(2)::Total(49)::20::OP50-1,b::3,3,b,2.16094,8.03906,1.78438,1.84688,N2,,,Rep(2),Total(49),20,20,OP50-1,,,,,1,13.1009,0.541667,0.0416667,19.2259,19.6425,0,,,Automated Analysis,Lifespan Machine,,,
Pegasus,PAS_022519v2,Pegasus_b::3,N2 PD1073::Rep(2)::Total(49)::20::OP50-1,b::3,3,b,2.16094,8.03906,1.78438,1.84688,N2,,,Rep(2),Total(49),20,20,OP50-1,,,,,1,13.4759,0.625,0.0416667,,,0,,,Automated Analysis,Lifespan Machine,,,
Pegasus,PAS_022519v2,Pegasus_b::3,N2 PD1073::Rep(2)::Total(49)::20::OP50-1,b::3,3,b,2.16094,8.03906,1.78438,1.84688,N2,,,Rep(2),Total(49),20,20,OP50-1,,,,,1,14.6842,0.875,0,,,0,,,Storyboard Annotation,Lifespan Machine,,,
Pegasus,PAS_022519v2,Pegasus_b::3,N2 PD1073::Rep(2)::Total(49)::20::OP50-1,b::3,3,b,2.16094,8.03906,1.78438,1.84688,N2,,,Rep(2),Total(49),20,20,OP50-1,,,,,1,15.1009,1.95833,0,14.6009,16.4759,0,,,Storyboard Annotation,Lifespan Machine,,,
Pegasus,PAS_022519v2,Pegasus_b::3,N2 PD1073::Rep(2)::Total(49)::20::OP50-1,b::3,3,b,2.16094,8.03906,1.78438,1.84688,N2,,,Rep(2),Total(49),20,20,OP50-1,,,,,1,15.7259,3.5,0,14.5175,16.6425,0,,,Storyboard Annotation,Lifespan Machine,,,
Pegasus,PAS_022519v2,Pegasus_b::3,N2 PD1073::Rep(2)::Total(49)::20::OP50-1,b::3,3,b,2.16094,8.03906,1.78438,1.84688,N2,,,Rep(2),Total(49),20,20,OP50-1,,,,,1,15.9342,0.5,0,17.4342,18.3509,0,,,Storyboard Annotation,Lifespan Machine,,,
Pegasus,PAS_022519v2,Pegasus_b::3,N2 PD1073::Rep(2)::Total(49)::20::OP50-1,b::3,3,b,2.16094,8.03906,1.78438,1.84688,N2,,,Rep(2),Total(49),20,20,OP50-1,,,,,1,16.1009,0.416667,0,22.2259,22.7259,0,,,Storyboard Annotation,Lifespan Machine,,,
Pegasus,PAS_022519v2,Pegasus_b::3,N2 PD1073::Rep(2)::Total(49)::20::OP50-1,b::3,3,b,2.16094,8.03906,1.78438,1.84688,N2,,,Rep(2),Total(49),20,20,OP50-1,,,,,1,16.2675,3.375,0,,,0,,Observed Multiple Worm,Storyboard Annotation,Lifespan Machine,,,
Pegasus,PAS_022519v2,Pegasus_b::3,N2 PD1073::Rep(2)::Total(49)::20::OP50-1,b::3,3,b,2.16094,8.03906,1.78438,1.84688,N2,,,Rep(2),Total(49),20,20,OP50-1,,,,,1,16.9342,1.20833,0.0416667,,,0,,,Automated Analysis,Lifespan Machine,,,
Pegasus,PAS_022519v2,Pegasus_b::3,N2 PD1073::Rep(2)::Total(49)::20::OP50-1,b::3,3,b,2.16094,8.03906,1.78438,1.84688,N2,,,Rep(2),Total(49),20,20,OP50-1,,,,,1,17.4342,2.625,0.0416667,,,0,,,Automated Analysis,Lifespan Machine,,,
Pegasus,PAS_022519v2,Pegasus_b::3,N2 PD1073::Rep(2)::Total(49)::20::OP50-1,b::3,3,b,2.16094,8.03906,1.78438,1.84688,N2,,,Rep(2),Total(49),20,20,OP50-1,,,,,1,17.6009,0.166667,0.0416667,17.4342,17.9759,0,,,Automated Analysis,Lifespan Machine,,,
Pegasus,PAS_022519v2,Pegasus_b::3,N2 PD1073::Rep(2)::Total(49)::20::OP50-1,b::3,3,b,2.16094,8.03906,1.78438,1.84688,N2,,,Rep(2),Total(49),20,20,OP50-1,,,,,1,17.8509,1.54167,0,,,0,,Observed Multiple Worm,Storyboard Annotation,Lifespan Machine,,,
Pegasus,PAS_022519v2,Pegasus_b::3,N2 PD1073::Rep(2)::Total(49)::20::OP50-1,b::3,3,b,2.16094,8.03906,1.78438,1.84688,N2,,,Rep(2),Total(49),20,20,OP50-1,,,,,1,18.6009,6.5,0,,,0,,,Storyboard Annotation,Lifespan Machine,,,
Pegasus,PAS_022519v2,Pegasus_b::3,N2 PD1073::Rep(2)::Total(49)::20::OP50-1,b::3,3,b,2.16094,8.03906,1.78438,1.84688,N2,,,Rep(2),Total(49),20,20,OP50-1,,,,,1,19.3509,6.45833,0,,,0,,Observed Multiple Worm,Storyboard Annotation,Lifespan Machine,,,
Pegasus,PAS_022519v2,Pegasus_b::3,N2 PD1073::Rep(2)::Total(49)::20::OP50-1,b::3,3,b,2.16094,8.03906,1.78438,1.84688,N2,,,Rep(2),Total(49),20,20,OP50-1,,,,,1,19.4342,4.66667,0,20.0592,22.0175,0,,,Storyboard Annotation,Lifespan Machine,,,
Pegasus,PAS_022519v2,Pegasus_b::3,N2 PD1073::Rep(2)::Total(49)::20::OP50-1,b::3,3,b,2.16094,8.03906,1.78438,1.84688,N2,,,Rep(2),Total(49),20,20,OP50-1,,,,,1,19.7259,1.125,0.0416667,19.5175,20.6842,0,,,Automated Analysis,Lifespan Machine,,,
Pegasus,PAS_022519v2,Pegasus_b::3,N2 PD1073::Rep(2)::Total(49)::20::OP50-1,b::3,3,b,2.16094,8.03906,1.78438,1.84688,N2,,,Rep(2),Total(49),20,20,OP50-1,,,,,1,19.8925,6.20833,0.0416667,,,0,,,Automated Analysis,Lifespan Machine,,,
Pegasus,PAS_022519v2,Pegasus_b::3,N2 PD1073::Rep(2)::Total(49)::20::OP50-1,b::3,3,b,2.16094,8.03906,1.78438,1.84688,N2,,,Rep(2),Total(49),20,20,OP50-1,,,,,1,20.6425,5.08333,0.0416667,20.3925,24.9342,0,,,Automated Analysis,Lifespan Machine,,,
Pegasus,PAS_022519v2,Pegasus_b::3,N2 PD1073::Rep(2)::Total(49)::20::OP50-1,b::3,3,b,2.16094,8.03906,1.78438,1.84688,N2,,,Rep(2),Total(49),20,20,OP50-1,,,,,1,20.9759,6.58333,0.0416667,21.8925,23.3509,0,,,Automated Analysis,Lifespan Machine,,,
Pegasus,PAS_022519v2,Pegasus_b::3,N2 PD1073::Rep(2)::Total(49)::20::OP50-1,b::3,3,b,2.16094,8.03906,1.78438,1.84688,N2,,,Rep(2),Total(49),20,20,OP50-1,,,,,1,21.4342,1.58333,0.0416667,21.6009,24.9342,0,,,Automated Analysis,Lifespan Machine,,,
Pegasus,PAS_022519v2,Pegasus_b::3,N2 PD1073::Rep(2)::Total(49)::20::OP50-1,b::3,3,b,2.16094,8.03906,1.78438,1.84688,N2,,,Rep(2),Total(49),20,20,OP50-1,,,,,1,21.6009,0.375,0,,,0,,Observed Multiple Worm,Storyboard Annotation,Lifespan Machine,,,
Pegasus,PAS_022519v2,Pegasus_b::3,N2 PD1073::Rep(2)::Total(49)::20::OP50-1,b::3,3,b,2.16094,8.03906,1.78438,1.84688,N2,,,Rep(2),Total(49),20,20,OP50-1,,,,,1,22.0175,7.95833,0,,,0,,,Storyboard Annotation,Lifespan Machine,,,
Pegasus,PAS_022519v2,Pegasus_b::3,N2 PD1073::Rep(2)::Total(49)::20::OP50-1,b::3,3,b,2.16094,8.03906,1.78438,1.84688,N2,,,Rep(2),Total(49),20,20,OP50-1,,,,,1,22.4759,4.91667,0.0416667,,,0,,,Automated Analysis,Lifespan Machine,,,
Pegasus,PAS_022519v2,Pegasus_b::3,N2 PD1073::Rep(2)::Total(49)::20::OP50-1,b::3,3,b,2.16094,8.03906,1.78438,1.84688,N2,,,Rep(2),Total(49),20,20,OP50-1,,,,,1,22.5175,2.125,0,,,0,,,Storyboard Annotation,Lifespan Machine,,,
Pegasus,PAS_022519v2,Pegasus_b::3,N2 PD1073::Rep(2)::Total(49)::20::OP50-1,b::3,3,b,2.16094,8.03906,1.78438,1.84688,N2,,,Rep(2),Total(49),20,20,OP50-1,,,,,1,22.6009,1,0.0416667,,,0,,,Automated Analysis,Lifespan Machine,,,
Pegasus,PAS_022519v2,Pegasus_b::3,N2 PD1073::Rep(2)::Total(49)::20::OP50-1,b::3,3,b,2.16094,8.03906,1.78438,1.84688,N2,,,Rep(2),Total(49),20,20,OP50-1,,,,,1,23.2259,6.91667,0,,,0,,Observed Multiple Worm,Storyboard Annotation,Lifespan Machine,,,
Pegasus,PAS_022519v2,Pegasus_b::3,N2 PD1073::Rep(2)::Total(49)::20::OP50-1,b::3,3,b,2.16094,8.03906,1.78438,1.84688,N2,,,Rep(2),Total(49),20,20,OP50-1,,,,,1,23.3925,3.83333,0,23.1842,24.8092,0,,,Storyboard Annotation,Lifespan Machine,,,
Pegasus,PAS_022519v2,Pegasus_b::3,N2 PD1073::Rep(2)::Total(49)::20::OP50-1,b::3,3,b,2.16094,8.03906,1.78438,1.84688,N2,,,Rep(2),Total(49),20,20,OP50-1,,,,,1,23.4342,5.5,0.0416667,22.8925,28.1009,0,,,Automated Analysis,Lifespan Machine,,,
Pegasus,PAS_022519v2,Pegasus_b::3,N2 PD1073::Rep(2)::Total(49)::20::OP50-1,b::3,3,b,2.16094,8.03906,1.78438,1.84688,N2,,,Rep(2),Total(49),20,20,OP50-1,,,,,1,23.6009,9.33333,0,,,0,,,Storyboard Annotation,Lifespan Machine,,,
Pegasus,PAS_022519v2,Pegasus_b::3,N2 PD1073::Rep(2)::Total(49)::20::OP50-1,b::3,3,b,2.16094,8.03906,1.78438,1.84688,N2,,,Rep(2),Total(49),20,20,OP50-1,,,,,1,23.6842,6.875,0,,,0,,Observed Multiple Worm,Storyboard Annotation,Lifespan Machine,,,
Pegasus,PAS_022519v2,Pegasus_b::3,N2 PD1073::Rep(2)::Total(49)::20::OP50-1,b::3,3,b,2.16094,8.03906,1.78438,1.84688,N2,,,Rep(2),Total(49),20,20,OP50-1,,,,,1,23.7675,5.04167,0,,,0,,,Storyboard Annotation,Lifespan Machine,,,
Pegasus,PAS_022519v2,Pegasus_b::3,N2 PD1073::Rep(2)::Total(49)::20::OP50-1,b::3,3,b,2.16094,8.03906,1.78438,1.84688,N2,,,Rep(2),Total(49),20,20,OP50-1,,,,,1,23.8509,1.54167,0,,,0,,,Storyboard Annotation,Lifespan Machine,,,
Pegasus,PAS_022519v2,Pegasus_b::3,N2 PD1073::Rep(2)::Total(49)::20::OP50-1,b::3,3,b,2.16094,8.03906,1.78438,1.84688,N2,,,Rep(2),Total(49),20,20,OP50-1,,,,,1,24.6425,3.41667,0,,,0,,Observed Multiple Worm,Storyboard Annotation,Lifespan Machine,,,
Pegasus,PAS_022519v2,Pegasus_b::3,N2 PD1073::Rep(2)::Total(49)::20::OP50-1,b::3,3,b,2.16094,8.03906,1.78438,1.84688,N2,,,Rep(2),Total(49),20,20,OP50-1,,,,,1,24.7259,2.875,0,,,0,,,Storyboard Annotation,Lifespan Machine,,,
Pegasus,PAS_022519v2,Pegasus_b::3,N2 PD1073::Rep(2)::Total(49)::20::OP50-1,b::3,3,b,2.16094,8.03906,1.78438,1.84688,N2,,,Rep(2),Total(49),20,20,OP50-1,,,,,1,25.2675,5.33333,0,,,0,,,Storyboard Annotation,Lifespan Machine,,,
Pegasus,PAS_022519v2,Pegasus_b::3,N2 PD1073::Rep(2)::Total(49)::20::OP50-1,b::3,3,b,2.16094,8.03906,1.78438,1.84688,N2,,,Rep(2),Total(49),20,20,OP50-1,,,,,1,26.6634,2.85417,0,,,0,,,Storyboard Annotation,Lifespan Machine,,,
Pegasus,PAS_022519v2,Pegasus_b::3,N2 PD1073::Rep(2)::Total(49)::20::OP50-1,b::3,3,b,2.16094,8.03906,1.78438,1.84688,N2,,,Rep(2),Total(49),20,20,OP50-1,,,,,1,26.6634,9.85417,0,,,0,,Observed Multiple Worm,Storyboard Annotation,Lifespan Machine,,,
Pegasus,PAS_022519v2,Pegasus_a::0,N2 PD1073::Rep(1)::Total(44)::20::OP50-1,a::0,0,a,1.06719,1.00156,1.80313,1.83438,N2,,,Rep(1),Total(44),20,20,OP50-1,,,,,1,9.59044,0.208333,0,36.1321,36.7571,0,,,Storyboard Annotation,Lifespan Machine,,,
Pegasus,PAS_022519v2,Pegasus_a::0,N2 PD1073::Rep(1)::Total(44)::20::OP50-1,a::0,0,a,1.06719,1.00156,1.80313,1.83438,N2,,,Rep(1),Total(44),20,20,OP50-1,,,,,1,10.5696,49709.7,0,,,0,,,Storyboard Annotation,Lifespan Machine,,,
Pegasus,PAS_022519v2,Pegasus_a::0,N2 PD1073::Rep(1)::Total(44)::20::OP50-1,a::0,0,a,1.06719,1.00156,1.80313,1.83438,N2,,,Rep(1),Total(44),20,20,OP50-1,,,,,1,10.9654,0.791667,0,11.0488,12.6738,0,,,Storyboard Annotation,Lifespan Machine,,,
Pegasus,PAS_022519v2,Pegasus_a::0,N2 PD1073::Rep(1)::Total(44)::20::OP50-1,a::0,0,a,1.06719,1.00156,1.80313,1.83438,N2,,,Rep(1),Total(44),20,20,OP50-1,,,,,1,11.5488,0.833333,0.0416667,,,0,,,Automated Analysis,Lifespan Machine,,,
Pegasus,PAS_022519v2,Pegasus_a::0,N2 PD1073::Rep(1)::Total(44)::20::OP50-1,a::0,0,a,1.06719,1.00156,1.80313,1.83438,N2,,,Rep(1),Total(44),20,20,OP50-1,,,,,1,11.9654,0.666667,0.0416667,14.0904,15.0071,0,,,Automated Analysis,Lifespan Machine,,,
Pegasus,PAS_022519v2,Pegasus_a::0,N2 PD1073::Rep(1)::Total(44)::20::OP50-1,a::0,0,a,1.06719,1.00156,1.80313,1.83438,N2,,,Rep(1),Total(44),20,20,OP50-1,,,,,1,11.9654,0.583333,0.0416667,12.7571,14.5071,0,,,Automated Analysis,Lifespan Machine,,,
Pegasus,PAS_022519v2,Pegasus_a::0,N2 PD1073::Rep(1)::Total(44)::20::OP50-1,a::0,0,a,1.06719,1.00156,1.80313,1.83438,N2,,,Rep(1),Total(44),20,20,OP50-1,,,,,1,12.2154,1,0,,,0,,,Storyboard Annotation,Lifespan Machine,,,
Pegasus,PAS_022519v2,Pegasus_a::0,N2 PD1073::Rep(1)::Total(44)::20::OP50-1,a::0,0,a,1.06719,1.00156,1.80313,1.83438,N2,,,Rep(1),Total(44),20,20,OP50-1,,,,,1,12.2571,1.41667,0,,,0,,,Storyboard Annotation,Lifespan Machine,,,
Pegasus,PAS_022519v2,Pegasus_a::0,N2 PD1073::Rep(1)::Total(44)::20::OP50-1,a::0,0,a,1.06719,1.00156,1.80313,1.83438,N2,,,Rep(1),Total(44),20,20,OP50-1,,,,,1,12.5071,0.666667,0,13.1321,15.4238,0,,,Storyboard Annotation,Lifespan Machine,,,
Pegasus,PAS_022519v2,Pegasus_a::0,N2 PD1073::Rep(1)::Total(44)::20::OP50-1,a::0,0,a,1.06719,1.00156,1.80313,1.83438,N2,,,Rep(1),Total(44),20,20,OP50-1,,,,,1,13.0071,0.5,0,,,0,,,Storyboard Annotation,Lifespan Machine,,,
Pegasus,PAS_022519v2,Pegasus_a::0,N2 PD1073::Rep(1)::Total(44)::20::OP50-1,a::0,0,a,1.06719,1.00156,1.80313,1.83438,N2,,,Rep(1),Total(44),20,20,OP50-1,,,,,1,13.2988,0.5,0,23.3404,23.6738,0,,,Storyboard Annotation,Lifespan Machine,,,
Pegasus,PAS_022519v2,Pegasus_a::0,N2 PD1073::Rep(1)::Total(44)::20::OP50-1,a::0,0,a,1.06719,1.00156,1.80313,1.83438,N2,,,Rep(1),Total(44),20,20,OP50-1,,,,,1,13.5904,0.625,0,,,0,,,Storyboard Annotation,Lifespan Machine,,,
Pegasus,PAS_022519v2,Pegasus_a::0,N2 PD1073::Rep(1)::Total(44)::20::OP50-1,a::0,0,a,1.06719,1.00156,1.80313,1.83438,N2,,,Rep(1),Total(44),20,20,OP50-1,,,,,1,14.1738,1.45833,0,,,0,,,Storyboard Annotation,Lifespan Machine,,,
Pegasus,PAS_022519v2,Pegasus_a::0,N2 PD1073::Rep(1)::Total(44)::20::OP50-1,a::0,0,a,1.06719,1.00156,1.80313,1.83438,N2,,,Rep(1),Total(44),20,20,OP50-1,,,,,1,14.6738,0.583333,0,,,0,,,Storyboard Annotation,Lifespan Machine,,,
Pegasus,PAS_022519v2,Pegasus_a::0,N2 PD1073::Rep(1)::Total(44)::20::OP50-1,a::0,0,a,1.06719,1.00156,1.80313,1.83438,N2,,,Rep(1),Total(44),20,20,OP50-1,,,,,1,15.2571,2.54167,0,14.6738,15.7154,0,,,Storyboard Annotation,Lifespan Machine,,,
Pegasus,PAS_022519v2,Pegasus_a::0,N2 PD1073::Rep(1)::Total(44)::20::OP50-1,a::0,0,a,1.06719,1.00156,1.80313,1.83438,N2,,,Rep(1),Total(44),20,20,OP50-1,,,,,1,15.2988,1.375,0,,,0,,,Storyboard Annotation,Lifespan Machine,,,
Pegasus,PAS_022519v2,Pegasus_a::0,N2 PD1073::Rep(1)::Total(44)::20::OP50-1,a::0,0,a,1.06719,1.00156,1.80313,1.83438,N2,,,Rep(1),Total(44),20,20,OP50-1,,,,,1,15.3821,3.91667,0,,,0,,,Storyboard Annotation,Lifespan Machine,,,
Pegasus,PAS_022519v2,Pegasus_a::0,N2 PD1073::Rep(1)::Total(44)::20::OP50-1,a::0,0,a,1.06719,1.00156,1.80313,1.83438,N2,,,Rep(1),Total(44),20,20,OP50-1,,,,,1,16.2571,1.70833,0,,,0,,,Storyboard Annotation,Lifespan Machine,,,
Pegasus,PAS_022519v2,Pegasus_a::0,N2 PD1073::Rep(1)::Total(44)::20::OP50-1,a::0,0,a,1.06719,1.00156,1.80313,1.83438,N2,,,Rep(1),Total(44),20,20,OP50-1,,,,,1,18.7988,7.70833,0,,,0,,Observed Multiple Worm,Storyboard Annotation,Lifespan Machine,,,
Pegasus,PAS_022519v2,Pegasus_a::0,N2 PD1073::Rep(1)::Total(44)::20::OP50-1,a::0,0,a,1.06719,1.00156,1.80313,1.83438,N2,,,Rep(1),Total(44),20,20,OP50-1,,,,,1,18.8404,2.66667,0,18.2154,19.4238,0,,,Storyboard Annotation,Lifespan Machine,,,
Pegasus,PAS_022519v2,Pegasus_a::0,N2 PD1073::Rep(1)::Total(44)::20::OP50-1,a::0,0,a,1.06719,1.00156,1.80313,1.83438,N2,,,Rep(1),Total(44),20,20,OP50-1,,,,,1,20.0904,2.375,0,20.2988,21.7988,0,,,Storyboard Annotation,Lifespan Machine,,,
Pegasus,PAS_022519v2,Pegasus_a::0,N2 PD1073::Rep(1)::Total(44)::20::OP50-1,a::0,0,a,1.06719,1.00156,1.80313,1.83438,N2,,,Rep(1),Total(44),20,20,OP50-1,,,,,1,20.4654,7.08333,0,,,0,,Observed Multiple Worm,Storyboard Annotation,Lifespan Machine,,,
Pegasus,PAS_022519v2,Pegasus_a::0,N2 PD1073::Rep(1)::Total(44)::20::OP50-1,a::0,0,a,1.06719,1.00156,1.80313,1.83438,N2,,,Rep(1),Total(44),20,20,OP50-1,,,,,1,20.5488,1.91667,0,20.5488,22.0071,0,,,Storyboard Annotation,Lifespan Machine,,,
Pegasus,PAS_022519v2,Pegasus_a::0,N2 PD1073::Rep(1)::Total(44)::20::OP50-1,a::0,0,a,1.06719,1.00156,1.80313,1.83438,N2,,,Rep(1),Total(44),20,20,OP50-1,,,,,1,21.8404,0.458333,0,36.1321,36.7571,0,,,Storyboard Annotation,Lifespan Machine,,,
Pegasus,PAS_022519v2,Pegasus_a::0,N2 PD1073::Rep(1)::Total(44)::20::OP50-1,a::0,0,a,1.06719,1.00156,1.80313,1.83438,N2,,,Rep(1),Total(44),20,20,OP50-1,,,,,1,22.1321,2.125,0,,,0,,,Storyboard Annotation,Lifespan Machine,,,
Pegasus,PAS_022519v2,Pegasus_a::0,N2 PD1073::Rep(1)::Total(44)::20::OP50-1,a::0,0,a,1.06719,1.00156,1.80313,1.83438,N2,,,Rep(1),Total(44),20,20,OP50-1,,,,,1,22.3404,1.54167,0,,,0,,,Storyboard Annotation,Lifespan Machine,,,
Pegasus,PAS_022519v2,Pegasus_a::0,N2 PD1073::Rep(1)::Total(44)::20::OP50-1,a::0,0,a,1.06719,1.00156,1.80313,1.83438,N2,,,Rep(1),Total(44),20,20,OP50-1,,,,,1,22.4238,1.375,0,22.1738,28.0071,0,,,Storyboard Annotation,Lifespan Machine,,,
Pegasus,PAS_022519v2,Pegasus_a::0,N2 PD1073::Rep(1)::Total(44)::20::OP50-1,a::0,0,a,1.06719,1.00156,1.80313,1.83438,N2,,,Rep(1),Total(44),20,20,OP50-1,,,,,1,22.9654,2.20833,0,,,0,,,Storyboard Annotation,Lifespan Machine,,,
Pegasus,PAS_022519v2,Pegasus_a::0,N2 PD1073::Rep(1)::Total(44)::20::OP50-1,a::0,0,a,1.06719,1.00156,1.80313,1.83438,N2,,,Rep(1),Total(44),20,20,OP50-1,,,,,1,23.2154,3.29167,0,,,0,,,Storyboard Annotation,Lifespan Machine,,,
Pegasus,PAS_022519v2,Pegasus_a::0,N2 PD1073::Rep(1)::Total(44)::20::OP50-1,a::0,0,a,1.06719,1.00156,1.80313,1.83438,N2,,,Rep(1),Total(44),20,20,OP50-1,,,,,1,23.6321,8.625,0,,,0,,,Storyboard Annotation,Lifespan Machine,,,
Pegasus,PAS_022519v2,Pegasus_a::0,N2 PD1073::Rep(1)::Total(44)::20::OP50-1,a::0,0,a,1.06719,1.00156,1.80313,1.83438,N2,,,Rep(1),Total(44),20,20,OP50-1,,,,,1,25.0071,9.375,0,,,0,,Observed Multiple Worm,Storyboard Annotation,Lifespan Machine,,,
Pegasus,PAS_022519v2,Pegasus_a::0,N2 PD1073::Rep(1)::Total(44)::20::OP50-1,a::0,0,a,1.06719,1.00156,1.80313,1.83438,N2,,,Rep(1),Total(44),20,20,OP50-1,,,,,1,25.2154,14.125,0,,,0,,Observed Multiple Worm,Storyboard Annotation,Lifespan Machine,,,
Pegasus,PAS_022519v2,Pegasus_a::0,N2 PD1073::Rep(1)::Total(44)::20::OP50-1,a::0,0,a,1.06719,1.00156,1.80313,1.83438,N2,,,Rep(1),Total(44),20,20,OP50-1,,,,,1,26.6738,3.20833,0,,,0,,,Storyboard Annotation,Lifespan Machine,,,
Pegasus,PAS_022519v2,Pegasus_a::0,N2 PD1073::Rep(1)::Total(44)::20::OP50-1,a::0,0,a,1.06719,1.00156,1.80313,1.83438,N2,,,Rep(1),Total(44),20,20,OP50-1,,,,,1,26.6738,2.375,0,,,0,,,Storyboard Annotation,Lifespan Machine,,,
Pegasus,PAS_022519v2,Pegasus_a::0,N2 PD1073::Rep(1)::Total(44)::20::OP50-1,a::0,0,a,1.06719,1.00156,1.80313,1.83438,N2,,,Rep(1),Total(44),20,20,OP50-1,,,,,1,26.6738,3.79167,0,,,0,,,Storyboard Annotation,Lifespan Machine,,,
Pegasus,PAS_022519v2,Pegasus_a::0,N2 PD1073::Rep(1)::Total(44)::20::OP50-1,a::0,0,a,1.06719,1.00156,1.80313,1.83438,N2,,,Rep(1),Total(44),20,20,OP50-1,,,,,1,26.6738,11.0417,0,,,0,,Observed Multiple Worm,Storyboard Annotation,Lifespan Machine,,,
Pegasus,PAS_022519v2,Pegasus_a::0,N2 PD1073::Rep(1)::Total(44)::20::OP50-1,a::0,0,a,1.06719,1.00156,1.80313,1.83438,N2,,,Rep(1),Total(44),20,20,OP50-1,,,,,1,28.0071,1.33333,0.0416667,,,0,,,Automated Analysis,Lifespan Machine,,,
Pegasus,PAS_022519v2,Pegasus_a::0,N2 PD1073::Rep(1)::Total(44)::20::OP50-1,a::0,0,a,1.06719,1.00156,1.80313,1.83438,N2,,,Rep(1),Total(44),20,20,OP50-1,,,,,1,28.2154,1.54167,0.0416667,28.5488,30.7988,0,,,Automated Analysis,Lifespan Machine,,,
Pegasus,PAS_022519v2,Pegasus_a::0,N2 PD1073::Rep(1)::Total(44)::20::OP50-1,a::0,0,a,1.06719,1.00156,1.80313,1.83438,N2,,,Rep(1),Total(44),20,20,OP50-1,,,,,1,28.6738,2,0,28.7988,31.8821,0,,,Storyboard Annotation,Lifespan Machine,,,
Pegasus,PAS_022519v2,Pegasus_a::0,N2 PD1073::Rep(1)::Total(44)::20::OP50-1,a::0,0,a,1.06719,1.00156,1.80313,1.83438,N2,,,Rep(1),Total(44),20,20,OP50-1,,,,,1,31.3404,2.875,0,36.0904,36.7571,0,,,Storyboard Annotation,Lifespan Machine,,,
Pegasus,PAS_022519v2,Pegasus_a::0,N2 PD1073::Rep(1)::Total(44)::20::OP50-1,a::0,0,a,1.06719,1.00156,1.80313,1.83438,N2,,,Rep(1),Total(44),20,20,OP50-1,,,,,1,31.5071,18.125,0,,,0,,Observed Multiple Worm,Storyboard Annotation,Lifespan Machine,,,