Device,Replicate,Experiment,Plate Name,Animal Description,Plate Position Name,Plate Row,Plate Column,Plate Center Position X (inches),Plate Center Position Y (inches),Plate Size X (inches),Plate Size Y (inches),Strain,Genotype,Condition1,Condition 2,Condition 3,Culturing Temperature,Experiment Temperature,Food Source,Environmental Conditions,Incubator Name,Incubator Column,Incubator Shelf,Event Frequency,Age at Death (d) Raw,Duration Not Fast Moving (d),Longest Gap in Measurement (d),Duration before death contraction end (d),Censored,Censored Reason,Event Observation Type,Annotation Source,Technique,Analysis Type,Event Type
Vesuvius,1,RL_110918,Vesuvius_a::0,PX632::mated::auxin::34::20::OP50-1,a::0,0,a,1.08281,1.03906,1.84063,1.87813,PX632,auxin_mated,mated,auxin,34,20,20,OP50-1,,,,,1,30.2241,4.66667,0.0833333,0,1,Objects apparently moving at termination of measurement,,Automated Analysis,Lifespan Machine,,
Vesuvius,1,RL_110918,Vesuvius_a::0,PX632::mated::auxin::34::20::OP50-1,a::0,0,a,1.08281,1.03906,1.84063,1.87813,PX632,auxin_mated,mated,auxin,34,20,20,OP50-1,,,,,1,12.8491,0.708333,0,0,0,,,Storyboard Annotation,Lifespan Machine,,
Vesuvius,1,RL_110918,Vesuvius_a::0,PX632::mated::auxin::34::20::OP50-1,a::0,0,a,1.08281,1.03906,1.84063,1.87813,PX632,auxin_mated,mated,auxin,34,20,20,OP50-1,,,,,1,16.0575,1.04167,0,0,0,,,Storyboard Annotation,Lifespan Machine,,
Vesuvius,1,RL_110918,Vesuvius_a::0,PX632::mated::auxin::34::20::OP50-1,a::0,0,a,1.08281,1.03906,1.84063,1.87813,PX632,auxin_mated,mated,auxin,34,20,20,OP50-1,,,,,1,16.7658,2.25,0,0,0,,,Storyboard Annotation,Lifespan Machine,,
Vesuvius,1,RL_110918,Vesuvius_a::0,PX632::mated::auxin::34::20::OP50-1,a::0,0,a,1.08281,1.03906,1.84063,1.87813,PX632,auxin_mated,mated,auxin,34,20,20,OP50-1,,,,,1,17.8908,3.66667,0,0,0,,,Storyboard Annotation,Lifespan Machine,,
Vesuvius,1,RL_110918,Vesuvius_a::0,PX632::mated::auxin::34::20::OP50-1,a::0,0,a,1.08281,1.03906,1.84063,1.87813,PX632,auxin_mated,mated,auxin,34,20,20,OP50-1,,,,,1,20.6616,49709.7,0,0,0,,Observed Multiple Worm,Storyboard Annotation,Lifespan Machine,,
Vesuvius,1,RL_110918,Vesuvius_a::0,PX632::mated::auxin::34::20::OP50-1,a::0,0,a,1.08281,1.03906,1.84063,1.87813,PX632,auxin_mated,mated,auxin,34,20,20,OP50-1,,,,,1,20.6616,49709.7,0,0,0,,Induced Multiple Worm,Storyboard Annotation,Lifespan Machine,,
Vesuvius,1,RL_110918,Vesuvius_a::0,PX632::mated::auxin::34::20::OP50-1,a::0,0,a,1.08281,1.03906,1.84063,1.87813,PX632,auxin_mated,mated,auxin,34,20,20,OP50-1,,,,,1,21.9741,6.33333,0,0,0,,,Storyboard Annotation,Lifespan Machine,,
Vesuvius,1,RL_110918,Vesuvius_a::0,PX632::mated::auxin::34::20::OP50-1,a::0,0,a,1.08281,1.03906,1.84063,1.87813,PX632,auxin_mated,mated,auxin,34,20,20,OP50-1,,,,,1,22.8491,1.70833,0,0,0,,,Storyboard Annotation,Lifespan Machine,,
Vesuvius,1,RL_110918,Vesuvius_a::0,PX632::mated::auxin::34::20::OP50-1,a::0,0,a,1.08281,1.03906,1.84063,1.87813,PX632,auxin_mated,mated,auxin,34,20,20,OP50-1,,,,,1,23.5991,2.45833,0,0,0,,,Storyboard Annotation,Lifespan Machine,,
Vesuvius,1,RL_110918,Vesuvius_a::0,PX632::mated::auxin::34::20::OP50-1,a::0,0,a,1.08281,1.03906,1.84063,1.87813,PX632,auxin_mated,mated,auxin,34,20,20,OP50-1,,,,,1,24.3908,5.08333,0,0,0,,,Storyboard Annotation,Lifespan Machine,,
Vesuvius,1,RL_110918,Vesuvius_a::0,PX632::mated::auxin::34::20::OP50-1,a::0,0,a,1.08281,1.03906,1.84063,1.87813,PX632,auxin_mated,mated,auxin,34,20,20,OP50-1,,,,,1,24.9325,10.8333,0,0,0,,,Storyboard Annotation,Lifespan Machine,,
Vesuvius,1,RL_110918,Vesuvius_a::0,PX632::mated::auxin::34::20::OP50-1,a::0,0,a,1.08281,1.03906,1.84063,1.87813,PX632,auxin_mated,mated,auxin,34,20,20,OP50-1,,,,,1,25.6825,1.33333,0,0,0,,,Storyboard Annotation,Lifespan Machine,,
Vesuvius,1,RL_110918,Vesuvius_a::0,PX632::mated::auxin::34::20::OP50-1,a::0,0,a,1.08281,1.03906,1.84063,1.87813,PX632,auxin_mated,mated,auxin,34,20,20,OP50-1,,,,,1,25.8075,5.04167,0,0,0,,,Storyboard Annotation,Lifespan Machine,,
Vesuvius,1,RL_110918,Vesuvius_a::0,PX632::mated::auxin::34::20::OP50-1,a::0,0,a,1.08281,1.03906,1.84063,1.87813,PX632,auxin_mated,mated,auxin,34,20,20,OP50-1,,,,,1,26.4741,2.08333,0,0,0,,,Storyboard Annotation,Lifespan Machine,,
Vesuvius,1,RL_110918,Vesuvius_a::0,PX632::mated::auxin::34::20::OP50-1,a::0,0,a,1.08281,1.03906,1.84063,1.87813,PX632,auxin_mated,mated,auxin,34,20,20,OP50-1,,,,,1,26.7241,0.291667,0,0,0,,,Storyboard Annotation,Lifespan Machine,,
Vesuvius,1,RL_110918,Vesuvius_a::0,PX632::mated::auxin::34::20::OP50-1,a::0,0,a,1.08281,1.03906,1.84063,1.87813,PX632,auxin_mated,mated,auxin,34,20,20,OP50-1,,,,,1,27.4741,1.54167,0,0,0,,,Storyboard Annotation,Lifespan Machine,,
Vesuvius,1,RL_110918,Vesuvius_a::0,PX632::mated::auxin::34::20::OP50-1,a::0,0,a,1.08281,1.03906,1.84063,1.87813,PX632,auxin_mated,mated,auxin,34,20,20,OP50-1,,,,,1,27.6825,1.79167,0,0,0,,,Storyboard Annotation,Lifespan Machine,,
Vesuvius,1,RL_110918,Vesuvius_a::0,PX632::mated::auxin::34::20::OP50-1,a::0,0,a,1.08281,1.03906,1.84063,1.87813,PX632,auxin_mated,mated,auxin,34,20,20,OP50-1,,,,,1,27.7658,0.875,0,0,0,,,Storyboard Annotation,Lifespan Machine,,
Vesuvius,1,RL_110918,Vesuvius_a::0,PX632::mated::auxin::34::20::OP50-1,a::0,0,a,1.08281,1.03906,1.84063,1.87813,PX632,auxin_mated,mated,auxin,34,20,20,OP50-1,,,,,1,28.0991,0.916667,0,0,0,,,Storyboard Annotation,Lifespan Machine,,
Vesuvius,1,RL_110918,Vesuvius_a::0,PX632::mated::auxin::34::20::OP50-1,a::0,0,a,1.08281,1.03906,1.84063,1.87813,PX632,auxin_mated,mated,auxin,34,20,20,OP50-1,,,,,1,28.3491,2.45833,0,0,0,,,Storyboard Annotation,Lifespan Machine,,
Vesuvius,1,RL_110918,Vesuvius_a::0,PX632::mated::auxin::34::20::OP50-1,a::0,0,a,1.08281,1.03906,1.84063,1.87813,PX632,auxin_mated,mated,auxin,34,20,20,OP50-1,,,,,1,28.4741,2.5,0,0,0,,,Storyboard Annotation,Lifespan Machine,,
Vesuvius,1,RL_110918,Vesuvius_a::0,PX632::mated::auxin::34::20::OP50-1,a::0,0,a,1.08281,1.03906,1.84063,1.87813,PX632,auxin_mated,mated,auxin,34,20,20,OP50-1,,,,,1,29.0991,1.625,0,0,0,,,Storyboard Annotation,Lifespan Machine,,
Vesuvius,1,RL_110918,Vesuvius_a::0,PX632::mated::auxin::34::20::OP50-1,a::0,0,a,1.08281,1.03906,1.84063,1.87813,PX632,auxin_mated,mated,auxin,34,20,20,OP50-1,,,,,1,30.4741,3.70833,0,0,0,,,Storyboard Annotation,Lifespan Machine,,
Vesuvius,1,RL_110918,Vesuvius_a::0,PX632::mated::auxin::34::20::OP50-1,a::0,0,a,1.08281,1.03906,1.84063,1.87813,PX632,auxin_mated,mated,auxin,34,20,20,OP50-1,,,,,1,30.7241,8.5,0,0,0,,,Storyboard Annotation,Lifespan Machine,,
Vesuvius,1,RL_110918,Vesuvius_a::1,PX632::virgin::auxin::62::20::OP50-1,a::1,1,a,1.06875,3.27187,1.825,1.85,PX632,auxin_virgin,virgin,auxin,62,20,20,OP50-1,,,,,1,30.2241,0.208333,0.0416667,0,1,Objects apparently moving at termination of measurement,,Automated Analysis,Lifespan Machine,,
Vesuvius,1,RL_110918,Vesuvius_a::1,PX632::virgin::auxin::62::20::OP50-1,a::1,1,a,1.06875,3.27187,1.825,1.85,PX632,auxin_virgin,virgin,auxin,62,20,20,OP50-1,,,,,1,30.7658,6.875,0,0,1,Objects apparently moving at termination of measurement,Observed Multiple Worm,Storyboard Annotation,Lifespan Machine,,
Vesuvius,1,RL_110918,Vesuvius_a::1,PX632::virgin::auxin::62::20::OP50-1,a::1,1,a,1.06875,3.27187,1.825,1.85,PX632,auxin_virgin,virgin,auxin,62,20,20,OP50-1,,,,,1,30.7658,6.875,0,0,1,Objects apparently moving at termination of measurement,Observed Multiple Worm,Storyboard Annotation,Lifespan Machine,,
Vesuvius,1,RL_110918,Vesuvius_a::1,PX632::virgin::auxin::62::20::OP50-1,a::1,1,a,1.06875,3.27187,1.825,1.85,PX632,auxin_virgin,virgin,auxin,62,20,20,OP50-1,,,,,1,30.7866,6.875,0,0,1,Objects apparently moving at termination of measurement,Induced Multiple Worm,Storyboard Annotation,Lifespan Machine,,
Vesuvius,1,RL_110918,Vesuvius_a::1,PX632::virgin::auxin::62::20::OP50-1,a::1,1,a,1.06875,3.27187,1.825,1.85,PX632,auxin_virgin,virgin,auxin,62,20,20,OP50-1,,,,,2,30.7658,6.875,0,0,1,Objects apparently moving at termination of measurement,Observed Multiple Worm,Storyboard Annotation,Lifespan Machine,,
Vesuvius,1,RL_110918,Vesuvius_a::1,PX632::virgin::auxin::62::20::OP50-1,a::1,1,a,1.06875,3.27187,1.825,1.85,PX632,auxin_virgin,virgin,auxin,62,20,20,OP50-1,,,,,1,12.2241,2.25,0,0,0,,,Storyboard Annotation,Lifespan Machine,,
Vesuvius,1,RL_110918,Vesuvius_a::1,PX632::virgin::auxin::62::20::OP50-1,a::1,1,a,1.06875,3.27187,1.825,1.85,PX632,auxin_virgin,virgin,auxin,62,20,20,OP50-1,,,,,1,13.6408,3.91667,0.0416667,0,0,,,Automated Analysis,Lifespan Machine,,
Vesuvius,1,RL_110918,Vesuvius_a::1,PX632::virgin::auxin::62::20::OP50-1,a::1,1,a,1.06875,3.27187,1.825,1.85,PX632,auxin_virgin,virgin,auxin,62,20,20,OP50-1,,,,,1,13.9741,3.625,0,0,0,,,Storyboard Annotation,Lifespan Machine,,
Vesuvius,1,RL_110918,Vesuvius_a::1,PX632::virgin::auxin::62::20::OP50-1,a::1,1,a,1.06875,3.27187,1.825,1.85,PX632,auxin_virgin,virgin,auxin,62,20,20,OP50-1,,,,,1,14.9325,1.16667,0,0,0,,,Storyboard Annotation,Lifespan Machine,,
Vesuvius,1,RL_110918,Vesuvius_a::1,PX632::virgin::auxin::62::20::OP50-1,a::1,1,a,1.06875,3.27187,1.825,1.85,PX632,auxin_virgin,virgin,auxin,62,20,20,OP50-1,,,,,1,15.3075,2.45833,0,0,0,,,Storyboard Annotation,Lifespan Machine,,
Vesuvius,1,RL_110918,Vesuvius_a::1,PX632::virgin::auxin::62::20::OP50-1,a::1,1,a,1.06875,3.27187,1.825,1.85,PX632,auxin_virgin,virgin,auxin,62,20,20,OP50-1,,,,,1,16.5158,1.20833,0,0,0,,,Storyboard Annotation,Lifespan Machine,,
Vesuvius,1,RL_110918,Vesuvius_a::1,PX632::virgin::auxin::62::20::OP50-1,a::1,1,a,1.06875,3.27187,1.825,1.85,PX632,auxin_virgin,virgin,auxin,62,20,20,OP50-1,,,,,1,16.5991,0.375,0.0416667,0,0,,,Automated Analysis,Lifespan Machine,,
Vesuvius,1,RL_110918,Vesuvius_a::1,PX632::virgin::auxin::62::20::OP50-1,a::1,1,a,1.06875,3.27187,1.825,1.85,PX632,auxin_virgin,virgin,auxin,62,20,20,OP50-1,,,,,1,17.0575,1.54167,0,0,0,,,Storyboard Annotation,Lifespan Machine,,
Vesuvius,1,RL_110918,Vesuvius_a::1,PX632::virgin::auxin::62::20::OP50-1,a::1,1,a,1.06875,3.27187,1.825,1.85,PX632,auxin_virgin,virgin,auxin,62,20,20,OP50-1,,,,,1,17.1825,1.875,0,0,0,,,Storyboard Annotation,Lifespan Machine,,
Vesuvius,1,RL_110918,Vesuvius_a::1,PX632::virgin::auxin::62::20::OP50-1,a::1,1,a,1.06875,3.27187,1.825,1.85,PX632,auxin_virgin,virgin,auxin,62,20,20,OP50-1,,,,,1,17.2658,8.58333,0,0,0,,,Storyboard Annotation,Lifespan Machine,,
Vesuvius,1,RL_110918,Vesuvius_a::1,PX632::virgin::auxin::62::20::OP50-1,a::1,1,a,1.06875,3.27187,1.825,1.85,PX632,auxin_virgin,virgin,auxin,62,20,20,OP50-1,,,,,1,17.3075,1.41667,0,0,0,,,Storyboard Annotation,Lifespan Machine,,
Vesuvius,1,RL_110918,Vesuvius_a::1,PX632::virgin::auxin::62::20::OP50-1,a::1,1,a,1.06875,3.27187,1.825,1.85,PX632,auxin_virgin,virgin,auxin,62,20,20,OP50-1,,,,,1,17.5366,49709.6,0,0,0,,,Storyboard Annotation,Lifespan Machine,,
Vesuvius,1,RL_110918,Vesuvius_a::1,PX632::virgin::auxin::62::20::OP50-1,a::1,1,a,1.06875,3.27187,1.825,1.85,PX632,auxin_virgin,virgin,auxin,62,20,20,OP50-1,,,,,1,20.1408,0.458333,0,0,0,,,Storyboard Annotation,Lifespan Machine,,
Vesuvius,1,RL_110918,Vesuvius_a::1,PX632::virgin::auxin::62::20::OP50-1,a::1,1,a,1.06875,3.27187,1.825,1.85,PX632,auxin_virgin,virgin,auxin,62,20,20,OP50-1,,,,,1,21.3908,3.45833,0,0,0,,,Storyboard Annotation,Lifespan Machine,,
Vesuvius,1,RL_110918,Vesuvius_a::1,PX632::virgin::auxin::62::20::OP50-1,a::1,1,a,1.06875,3.27187,1.825,1.85,PX632,auxin_virgin,virgin,auxin,62,20,20,OP50-1,,,,,1,22.4325,1.79167,0.0416667,0,0,,,Automated Analysis,Lifespan Machine,,
Vesuvius,1,RL_110918,Vesuvius_a::1,PX632::virgin::auxin::62::20::OP50-1,a::1,1,a,1.06875,3.27187,1.825,1.85,PX632,auxin_virgin,virgin,auxin,62,20,20,OP50-1,,,,,1,23.0991,4.70833,0,0,0,,,Storyboard Annotation,Lifespan Machine,,
Vesuvius,1,RL_110918,Vesuvius_a::1,PX632::virgin::auxin::62::20::OP50-1,a::1,1,a,1.06875,3.27187,1.825,1.85,PX632,auxin_virgin,virgin,auxin,62,20,20,OP50-1,,,,,1,23.7241,0.75,0.0416667,0,0,,,Automated Analysis,Lifespan Machine,,
Vesuvius,1,RL_110918,Vesuvius_a::1,PX632::virgin::auxin::62::20::OP50-1,a::1,1,a,1.06875,3.27187,1.825,1.85,PX632,auxin_virgin,virgin,auxin,62,20,20,OP50-1,,,,,1,24.2241,1.54167,0.0416667,0,0,,,Automated Analysis,Lifespan Machine,,
Vesuvius,1,RL_110918,Vesuvius_a::1,PX632::virgin::auxin::62::20::OP50-1,a::1,1,a,1.06875,3.27187,1.825,1.85,PX632,auxin_virgin,virgin,auxin,62,20,20,OP50-1,,,,,1,25.4741,1.25,0.0416667,0,0,,,Automated Analysis,Lifespan Machine,,
Vesuvius,1,RL_110918,Vesuvius_a::1,PX632::virgin::auxin::62::20::OP50-1,a::1,1,a,1.06875,3.27187,1.825,1.85,PX632,auxin_virgin,virgin,auxin,62,20,20,OP50-1,,,,,1,25.8491,0.458333,0.0416667,0,0,,,Automated Analysis,Lifespan Machine,,
Vesuvius,1,RL_110918,Vesuvius_a::1,PX632::virgin::auxin::62::20::OP50-1,a::1,1,a,1.06875,3.27187,1.825,1.85,PX632,auxin_virgin,virgin,auxin,62,20,20,OP50-1,,,,,1,25.9325,1.75,0,0,0,,,Storyboard Annotation,Lifespan Machine,,
Vesuvius,1,RL_110918,Vesuvius_a::1,PX632::virgin::auxin::62::20::OP50-1,a::1,1,a,1.06875,3.27187,1.825,1.85,PX632,auxin_virgin,virgin,auxin,62,20,20,OP50-1,,,,,1,25.9741,0.791667,0.0416667,0,0,,,Automated Analysis,Lifespan Machine,,
Vesuvius,1,RL_110918,Vesuvius_a::1,PX632::virgin::auxin::62::20::OP50-1,a::1,1,a,1.06875,3.27187,1.825,1.85,PX632,auxin_virgin,virgin,auxin,62,20,20,OP50-1,,,,,1,26.0991,0.291667,0.0416667,0,0,,,Automated Analysis,Lifespan Machine,,
Vesuvius,1,RL_110918,Vesuvius_a::1,PX632::virgin::auxin::62::20::OP50-1,a::1,1,a,1.06875,3.27187,1.825,1.85,PX632,auxin_virgin,virgin,auxin,62,20,20,OP50-1,,,,,1,26.2241,1.16667,0.0416667,0,0,,,Automated Analysis,Lifespan Machine,,
Vesuvius,1,RL_110918,Vesuvius_a::1,PX632::virgin::auxin::62::20::OP50-1,a::1,1,a,1.06875,3.27187,1.825,1.85,PX632,auxin_virgin,virgin,auxin,62,20,20,OP50-1,,,,,1,26.3491,2.375,0.0416667,0,0,,,Automated Analysis,Lifespan Machine,,
Vesuvius,1,RL_110918,Vesuvius_a::1,PX632::virgin::auxin::62::20::OP50-1,a::1,1,a,1.06875,3.27187,1.825,1.85,PX632,auxin_virgin,virgin,auxin,62,20,20,OP50-1,,,,,1,26.4325,0.958333,0.0833333,0,0,,,Automated Analysis,Lifespan Machine,,
Vesuvius,1,RL_110918,Vesuvius_a::1,PX632::virgin::auxin::62::20::OP50-1,a::1,1,a,1.06875,3.27187,1.825,1.85,PX632,auxin_virgin,virgin,auxin,62,20,20,OP50-1,,,,,1,26.7241,49710.2,0,0,0,,Observed Multiple Worm,Storyboard Annotation,Lifespan Machine,,
Vesuvius,1,RL_110918,Vesuvius_a::1,PX632::virgin::auxin::62::20::OP50-1,a::1,1,a,1.06875,3.27187,1.825,1.85,PX632,auxin_virgin,virgin,auxin,62,20,20,OP50-1,,,,,1,26.745,49710.2,0,0,0,,Induced Multiple Worm,Storyboard Annotation,Lifespan Machine,,
Vesuvius,1,RL_110918,Vesuvius_a::1,PX632::virgin::auxin::62::20::OP50-1,a::1,1,a,1.06875,3.27187,1.825,1.85,PX632,auxin_virgin,virgin,auxin,62,20,20,OP50-1,,,,,1,26.9741,0.75,0.0833333,0,0,,,Automated Analysis,Lifespan Machine,,
Vesuvius,1,RL_110918,Vesuvius_a::1,PX632::virgin::auxin::62::20::OP50-1,a::1,1,a,1.06875,3.27187,1.825,1.85,PX632,auxin_virgin,virgin,auxin,62,20,20,OP50-1,,,,,1,27.5991,0.833333,0.0833333,0,0,,,Automated Analysis,Lifespan Machine,,
Vesuvius,1,RL_110918,Vesuvius_a::1,PX632::virgin::auxin::62::20::OP50-1,a::1,1,a,1.06875,3.27187,1.825,1.85,PX632,auxin_virgin,virgin,auxin,62,20,20,OP50-1,,,,,1,27.6408,0.625,0.0833333,0,0,,,Automated Analysis,Lifespan Machine,,
Vesuvius,1,RL_110918,Vesuvius_a::1,PX632::virgin::auxin::62::20::OP50-1,a::1,1,a,1.06875,3.27187,1.825,1.85,PX632,auxin_virgin,virgin,auxin,62,20,20,OP50-1,,,,,1,27.7658,1.875,0.0833333,0,0,,,Automated Analysis,Lifespan Machine,,
Vesuvius,1,RL_110918,Vesuvius_a::1,PX632::virgin::auxin::62::20::OP50-1,a::1,1,a,1.06875,3.27187,1.825,1.85,PX632,auxin_virgin,virgin,auxin,62,20,20,OP50-1,,,,,1,28.0158,5.5,0,0,0,,,Storyboard Annotation,Lifespan Machine,,
Vesuvius,1,RL_110918,Vesuvius_a::1,PX632::virgin::auxin::62::20::OP50-1,a::1,1,a,1.06875,3.27187,1.825,1.85,PX632,auxin_virgin,virgin,auxin,62,20,20,OP50-1,,,,,1,28.2241,0.916667,0.0416667,0,0,,,Automated Analysis,Lifespan Machine,,
Vesuvius,1,RL_110918,Vesuvius_a::1,PX632::virgin::auxin::62::20::OP50-1,a::1,1,a,1.06875,3.27187,1.825,1.85,PX632,auxin_virgin,virgin,auxin,62,20,20,OP50-1,,,,,1,28.8075,0.875,0.0416667,0,0,,,Automated Analysis,Lifespan Machine,,
Vesuvius,1,RL_110918,Vesuvius_a::1,PX632::virgin::auxin::62::20::OP50-1,a::1,1,a,1.06875,3.27187,1.825,1.85,PX632,auxin_virgin,virgin,auxin,62,20,20,OP50-1,,,,,1,28.9325,0.333333,0,0,0,,,Storyboard Annotation,Lifespan Machine,,
Vesuvius,1,RL_110918,Vesuvius_a::1,PX632::virgin::auxin::62::20::OP50-1,a::1,1,a,1.06875,3.27187,1.825,1.85,PX632,auxin_virgin,virgin,auxin,62,20,20,OP50-1,,,,,1,29.0158,0.958333,0.0416667,0,0,,,Automated Analysis,Lifespan Machine,,
Vesuvius,1,RL_110918,Vesuvius_a::1,PX632::virgin::auxin::62::20::OP50-1,a::1,1,a,1.06875,3.27187,1.825,1.85,PX632,auxin_virgin,virgin,auxin,62,20,20,OP50-1,,,,,1,30.0158,3.16667,0,0,0,,,Storyboard Annotation,Lifespan Machine,,
Vesuvius,1,RL_110918,Vesuvius_a::2,PX632::mated::NGM::47::20::OP50-1,a::2,2,a,1.05312,5.50625,1.86875,1.86875,PX632,mated.equal.PX632,mated,NGM,47,20,20,OP50-1,,,,,1,30.2241,1.375,0.0416667,0,1,Objects apparently moving at termination of measurement,,Automated Analysis,Lifespan Machine,,
Vesuvius,1,RL_110918,Vesuvius_a::2,PX632::mated::NGM::47::20::OP50-1,a::2,2,a,1.05312,5.50625,1.86875,1.86875,PX632,mated.equal.PX632,mated,NGM,47,20,20,OP50-1,,,,,1,30.2241,4.5,0.0833333,0,1,Objects apparently moving at termination of measurement,,Automated Analysis,Lifespan Machine,,
Vesuvius,1,RL_110918,Vesuvius_a::2,PX632::mated::NGM::47::20::OP50-1,a::2,2,a,1.05312,5.50625,1.86875,1.86875,PX632,mated.equal.PX632,mated,NGM,47,20,20,OP50-1,,,,,1,13.5991,2.91667,0,0,0,,,Storyboard Annotation,Lifespan Machine,,
Vesuvius,1,RL_110918,Vesuvius_a::2,PX632::mated::NGM::47::20::OP50-1,a::2,2,a,1.05312,5.50625,1.86875,1.86875,PX632,mated.equal.PX632,mated,NGM,47,20,20,OP50-1,,,,,1,13.7241,0.916667,0,0,0,,,Storyboard Annotation,Lifespan Machine,,
Vesuvius,1,RL_110918,Vesuvius_a::2,PX632::mated::NGM::47::20::OP50-1,a::2,2,a,1.05312,5.50625,1.86875,1.86875,PX632,mated.equal.PX632,mated,NGM,47,20,20,OP50-1,,,,,1,14.4741,1.25,0.0833333,0,0,,,Automated Analysis,Lifespan Machine,,
Vesuvius,1,RL_110918,Vesuvius_a::2,PX632::mated::NGM::47::20::OP50-1,a::2,2,a,1.05312,5.50625,1.86875,1.86875,PX632,mated.equal.PX632,mated,NGM,47,20,20,OP50-1,,,,,1,15.5991,2.70833,0,0,0,,,Storyboard Annotation,Lifespan Machine,,
Vesuvius,1,RL_110918,Vesuvius_a::2,PX632::mated::NGM::47::20::OP50-1,a::2,2,a,1.05312,5.50625,1.86875,1.86875,PX632,mated.equal.PX632,mated,NGM,47,20,20,OP50-1,,,,,1,16.5158,1.375,0.0416667,0,0,,,Automated Analysis,Lifespan Machine,,
Vesuvius,1,RL_110918,Vesuvius_a::2,PX632::mated::NGM::47::20::OP50-1,a::2,2,a,1.05312,5.50625,1.86875,1.86875,PX632,mated.equal.PX632,mated,NGM,47,20,20,OP50-1,,,,,1,16.7658,5.25,0,0,0,,,Storyboard Annotation,Lifespan Machine,,
Vesuvius,1,RL_110918,Vesuvius_a::2,PX632::mated::NGM::47::20::OP50-1,a::2,2,a,1.05312,5.50625,1.86875,1.86875,PX632,mated.equal.PX632,mated,NGM,47,20,20,OP50-1,,,,,1,17.3908,6.16667,0,0,0,,,Storyboard Annotation,Lifespan Machine,,
Vesuvius,1,RL_110918,Vesuvius_a::2,PX632::mated::NGM::47::20::OP50-1,a::2,2,a,1.05312,5.50625,1.86875,1.86875,PX632,mated.equal.PX632,mated,NGM,47,20,20,OP50-1,,,,,1,18.3075,4.29167,0.0833333,0,0,,,Automated Analysis,Lifespan Machine,,
Vesuvius,1,RL_110918,Vesuvius_a::2,PX632::mated::NGM::47::20::OP50-1,a::2,2,a,1.05312,5.50625,1.86875,1.86875,PX632,mated.equal.PX632,mated,NGM,47,20,20,OP50-1,,,,,1,18.3908,5.58333,0,0,0,,,Storyboard Annotation,Lifespan Machine,,
Vesuvius,1,RL_110918,Vesuvius_a::2,PX632::mated::NGM::47::20::OP50-1,a::2,2,a,1.05312,5.50625,1.86875,1.86875,PX632,mated.equal.PX632,mated,NGM,47,20,20,OP50-1,,,,,1,18.3908,6.16667,0,0,0,,,Storyboard Annotation,Lifespan Machine,,
Vesuvius,1,RL_110918,Vesuvius_a::2,PX632::mated::NGM::47::20::OP50-1,a::2,2,a,1.05312,5.50625,1.86875,1.86875,PX632,mated.equal.PX632,mated,NGM,47,20,20,OP50-1,,,,,1,18.7241,6.375,0.0833333,0,0,,,Automated Analysis,Lifespan Machine,,
Vesuvius,1,RL_110918,Vesuvius_a::2,PX632::mated::NGM::47::20::OP50-1,a::2,2,a,1.05312,5.50625,1.86875,1.86875,PX632,mated.equal.PX632,mated,NGM,47,20,20,OP50-1,,,,,1,18.9325,6.95833,0.0833333,0,0,,,Automated Analysis,Lifespan Machine,,
Vesuvius,1,RL_110918,Vesuvius_a::2,PX632::mated::NGM::47::20::OP50-1,a::2,2,a,1.05312,5.50625,1.86875,1.86875,PX632,mated.equal.PX632,mated,NGM,47,20,20,OP50-1,,,,,1,19.3908,4.66667,0,0,0,,,Storyboard Annotation,Lifespan Machine,,
Vesuvius,1,RL_110918,Vesuvius_a::2,PX632::mated::NGM::47::20::OP50-1,a::2,2,a,1.05312,5.50625,1.86875,1.86875,PX632,mated.equal.PX632,mated,NGM,47,20,20,OP50-1,,,,,1,19.5575,2.875,0,0,0,,,Storyboard Annotation,Lifespan Machine,,
Vesuvius,1,RL_110918,Vesuvius_a::2,PX632::mated::NGM::47::20::OP50-1,a::2,2,a,1.05312,5.50625,1.86875,1.86875,PX632,mated.equal.PX632,mated,NGM,47,20,20,OP50-1,,,,,1,19.8908,3.875,0,3.83333,0,,,Storyboard Annotation,Lifespan Machine,,
Vesuvius,1,RL_110918,Vesuvius_a::2,PX632::mated::NGM::47::20::OP50-1,a::2,2,a,1.05312,5.50625,1.86875,1.86875,PX632,mated.equal.PX632,mated,NGM,47,20,20,OP50-1,,,,,1,23.3075,1.875,0.0416667,0,0,,,Automated Analysis,Lifespan Machine,,
Vesuvius,1,RL_110918,Vesuvius_a::2,PX632::mated::NGM::47::20::OP50-1,a::2,2,a,1.05312,5.50625,1.86875,1.86875,PX632,mated.equal.PX632,mated,NGM,47,20,20,OP50-1,,,,,1,23.3491,1.04167,0.0416667,0,0,,,Automated Analysis,Lifespan Machine,,
Vesuvius,1,RL_110918,Vesuvius_a::2,PX632::mated::NGM::47::20::OP50-1,a::2,2,a,1.05312,5.50625,1.86875,1.86875,PX632,mated.equal.PX632,mated,NGM,47,20,20,OP50-1,,,,,1,23.8075,1.29167,0,0,0,,,Storyboard Annotation,Lifespan Machine,,
Vesuvius,1,RL_110918,Vesuvius_a::2,PX632::mated::NGM::47::20::OP50-1,a::2,2,a,1.05312,5.50625,1.86875,1.86875,PX632,mated.equal.PX632,mated,NGM,47,20,20,OP50-1,,,,,1,23.8908,6.83333,0,0,0,,,Storyboard Annotation,Lifespan Machine,,
Vesuvius,1,RL_110918,Vesuvius_a::2,PX632::mated::NGM::47::20::OP50-1,a::2,2,a,1.05312,5.50625,1.86875,1.86875,PX632,mated.equal.PX632,mated,NGM,47,20,20,OP50-1,,,,,1,24.0158,4.70833,0.0416667,0,0,,,Automated Analysis,Lifespan Machine,,
Vesuvius,1,RL_110918,Vesuvius_a::2,PX632::mated::NGM::47::20::OP50-1,a::2,2,a,1.05312,5.50625,1.86875,1.86875,PX632,mated.equal.PX632,mated,NGM,47,20,20,OP50-1,,,,,1,24.2658,0.5,0.0416667,0,0,,,Automated Analysis,Lifespan Machine,,
Vesuvius,1,RL_110918,Vesuvius_a::2,PX632::mated::NGM::47::20::OP50-1,a::2,2,a,1.05312,5.50625,1.86875,1.86875,PX632,mated.equal.PX632,mated,NGM,47,20,20,OP50-1,,,,,1,24.3491,0.5,0.0416667,0,0,,,Automated Analysis,Lifespan Machine,,
Vesuvius,1,RL_110918,Vesuvius_a::2,PX632::mated::NGM::47::20::OP50-1,a::2,2,a,1.05312,5.50625,1.86875,1.86875,PX632,mated.equal.PX632,mated,NGM,47,20,20,OP50-1,,,,,1,24.7241,1.04167,0.0416667,0,0,,,Automated Analysis,Lifespan Machine,,
Vesuvius,1,RL_110918,Vesuvius_a::2,PX632::mated::NGM::47::20::OP50-1,a::2,2,a,1.05312,5.50625,1.86875,1.86875,PX632,mated.equal.PX632,mated,NGM,47,20,20,OP50-1,,,,,1,24.8075,4.25,0.0416667,0,0,,,Automated Analysis,Lifespan Machine,,
Vesuvius,1,RL_110918,Vesuvius_a::2,PX632::mated::NGM::47::20::OP50-1,a::2,2,a,1.05312,5.50625,1.86875,1.86875,PX632,mated.equal.PX632,mated,NGM,47,20,20,OP50-1,,,,,1,24.8491,3.25,0.0416667,0,0,,,Automated Analysis,Lifespan Machine,,
Vesuvius,1,RL_110918,Vesuvius_a::2,PX632::mated::NGM::47::20::OP50-1,a::2,2,a,1.05312,5.50625,1.86875,1.86875,PX632,mated.equal.PX632,mated,NGM,47,20,20,OP50-1,,,,,1,24.9741,3.04167,0.0416667,0,0,,,Automated Analysis,Lifespan Machine,,
Vesuvius,1,RL_110918,Vesuvius_a::2,PX632::mated::NGM::47::20::OP50-1,a::2,2,a,1.05312,5.50625,1.86875,1.86875,PX632,mated.equal.PX632,mated,NGM,47,20,20,OP50-1,,,,,1,25.1408,1.45833,0.0416667,0,0,,,Automated Analysis,Lifespan Machine,,
Vesuvius,1,RL_110918,Vesuvius_a::2,PX632::mated::NGM::47::20::OP50-1,a::2,2,a,1.05312,5.50625,1.86875,1.86875,PX632,mated.equal.PX632,mated,NGM,47,20,20,OP50-1,,,,,1,25.3075,5.58333,0,0,0,,,Storyboard Annotation,Lifespan Machine,,
Vesuvius,1,RL_110918,Vesuvius_a::2,PX632::mated::NGM::47::20::OP50-1,a::2,2,a,1.05312,5.50625,1.86875,1.86875,PX632,mated.equal.PX632,mated,NGM,47,20,20,OP50-1,,,,,1,25.4325,0.375,0.0416667,0,0,,,Automated Analysis,Lifespan Machine,,
Vesuvius,1,RL_110918,Vesuvius_a::2,PX632::mated::NGM::47::20::OP50-1,a::2,2,a,1.05312,5.50625,1.86875,1.86875,PX632,mated.equal.PX632,mated,NGM,47,20,20,OP50-1,,,,,1,25.5991,4.91667,0.0416667,0,0,,,Automated Analysis,Lifespan Machine,,
Vesuvius,1,RL_110918,Vesuvius_a::2,PX632::mated::NGM::47::20::OP50-1,a::2,2,a,1.05312,5.50625,1.86875,1.86875,PX632,mated.equal.PX632,mated,NGM,47,20,20,OP50-1,,,,,1,25.8491,1.16667,0.0416667,0,0,,,Automated Analysis,Lifespan Machine,,
Vesuvius,1,RL_110918,Vesuvius_a::2,PX632::mated::NGM::47::20::OP50-1,a::2,2,a,1.05312,5.50625,1.86875,1.86875,PX632,mated.equal.PX632,mated,NGM,47,20,20,OP50-1,,,,,1,26.5158,1.58333,0.0833333,0,0,,,Automated Analysis,Lifespan Machine,,
Vesuvius,1,RL_110918,Vesuvius_a::2,PX632::mated::NGM::47::20::OP50-1,a::2,2,a,1.05312,5.50625,1.86875,1.86875,PX632,mated.equal.PX632,mated,NGM,47,20,20,OP50-1,,,,,1,26.5783,11.2292,0,0,0,,Observed Multiple Worm,Storyboard Annotation,Lifespan Machine,,
Vesuvius,1,RL_110918,Vesuvius_a::2,PX632::mated::NGM::47::20::OP50-1,a::2,2,a,1.05312,5.50625,1.86875,1.86875,PX632,mated.equal.PX632,mated,NGM,47,20,20,OP50-1,,,,,1,26.5783,11.2292,0,0,0,,Induced Multiple Worm,Storyboard Annotation,Lifespan Machine,,
Vesuvius,1,RL_110918,Vesuvius_a::2,PX632::mated::NGM::47::20::OP50-1,a::2,2,a,1.05312,5.50625,1.86875,1.86875,PX632,mated.equal.PX632,mated,NGM,47,20,20,OP50-1,,,,,1,26.6408,12.875,0,0,0,,,Storyboard Annotation,Lifespan Machine,,
Vesuvius,1,RL_110918,Vesuvius_a::2,PX632::mated::NGM::47::20::OP50-1,a::2,2,a,1.05312,5.50625,1.86875,1.86875,PX632,mated.equal.PX632,mated,NGM,47,20,20,OP50-1,,,,,1,26.7241,1.41667,0,0,0,,,Storyboard Annotation,Lifespan Machine,,
Vesuvius,1,RL_110918,Vesuvius_a::2,PX632::mated::NGM::47::20::OP50-1,a::2,2,a,1.05312,5.50625,1.86875,1.86875,PX632,mated.equal.PX632,mated,NGM,47,20,20,OP50-1,,,,,1,26.8908,7.29167,0.0833333,0,0,,,Automated Analysis,Lifespan Machine,,
Vesuvius,1,RL_110918,Vesuvius_a::2,PX632::mated::NGM::47::20::OP50-1,a::2,2,a,1.05312,5.50625,1.86875,1.86875,PX632,mated.equal.PX632,mated,NGM,47,20,20,OP50-1,,,,,1,27.5991,1.625,0.0833333,0,0,,,Automated Analysis,Lifespan Machine,,
Vesuvius,1,RL_110918,Vesuvius_b::1,PX632::mated::auxin::48::20::OP50-1,b::1,1,b,2.13125,3.39531,1.93125,1.86563,PX632,auxin_mated,mated,auxin,48,20,20,OP50-1,,,,,1,11.2762,1.125,0,0,0,,,Storyboard Annotation,Lifespan Machine,,
Vesuvius,1,RL_110918,Vesuvius_b::1,PX632::mated::auxin::48::20::OP50-1,b::1,1,b,2.13125,3.39531,1.93125,1.86563,PX632,auxin_mated,mated,auxin,48,20,20,OP50-1,,,,,1,12.7762,3.08333,0,0,0,,,Storyboard Annotation,Lifespan Machine,,
Vesuvius,1,RL_110918,Vesuvius_b::1,PX632::mated::auxin::48::20::OP50-1,b::1,1,b,2.13125,3.39531,1.93125,1.86563,PX632,auxin_mated,mated,auxin,48,20,20,OP50-1,,,,,1,17.8179,1.75,0.0416667,0,0,,,Automated Analysis,Lifespan Machine,,
Vesuvius,1,RL_110918,Vesuvius_b::1,PX632::mated::auxin::48::20::OP50-1,b::1,1,b,2.13125,3.39531,1.93125,1.86563,PX632,auxin_mated,mated,auxin,48,20,20,OP50-1,,,,,1,18.1512,0.541667,0.0416667,0,0,,,Automated Analysis,Lifespan Machine,,
Vesuvius,1,RL_110918,Vesuvius_b::1,PX632::mated::auxin::48::20::OP50-1,b::1,1,b,2.13125,3.39531,1.93125,1.86563,PX632,auxin_mated,mated,auxin,48,20,20,OP50-1,,,,,1,18.4012,3.33333,0.0416667,0,0,,,Automated Analysis,Lifespan Machine,,
Vesuvius,1,RL_110918,Vesuvius_b::1,PX632::mated::auxin::48::20::OP50-1,b::1,1,b,2.13125,3.39531,1.93125,1.86563,PX632,auxin_mated,mated,auxin,48,20,20,OP50-1,,,,,1,18.5262,2.625,0,0,0,,,Storyboard Annotation,Lifespan Machine,,
Vesuvius,1,RL_110918,Vesuvius_b::1,PX632::mated::auxin::48::20::OP50-1,b::1,1,b,2.13125,3.39531,1.93125,1.86563,PX632,auxin_mated,mated,auxin,48,20,20,OP50-1,,,,,1,19.9429,1.875,0.0416667,0,0,,,Automated Analysis,Lifespan Machine,,
Vesuvius,1,RL_110918,Vesuvius_b::1,PX632::mated::auxin::48::20::OP50-1,b::1,1,b,2.13125,3.39531,1.93125,1.86563,PX632,auxin_mated,mated,auxin,48,20,20,OP50-1,,,,,1,24.5262,0.5,0.0416667,0,0,,,Automated Analysis,Lifespan Machine,,
Vesuvius,1,RL_110918,Vesuvius_b::1,PX632::mated::auxin::48::20::OP50-1,b::1,1,b,2.13125,3.39531,1.93125,1.86563,PX632,auxin_mated,mated,auxin,48,20,20,OP50-1,,,,,1,24.6096,2.95833,0.0416667,0,0,,,Automated Analysis,Lifespan Machine,,
Vesuvius,1,RL_110918,Vesuvius_b::1,PX632::mated::auxin::48::20::OP50-1,b::1,1,b,2.13125,3.39531,1.93125,1.86563,PX632,auxin_mated,mated,auxin,48,20,20,OP50-1,,,,,1,24.6929,0.5,0.0416667,0,0,,,Automated Analysis,Lifespan Machine,,
Vesuvius,1,RL_110918,Vesuvius_b::1,PX632::mated::auxin::48::20::OP50-1,b::1,1,b,2.13125,3.39531,1.93125,1.86563,PX632,auxin_mated,mated,auxin,48,20,20,OP50-1,,,,,1,25.1512,1.125,0.0416667,0,0,,,Automated Analysis,Lifespan Machine,,
Vesuvius,1,RL_110918,Vesuvius_b::1,PX632::mated::auxin::48::20::OP50-1,b::1,1,b,2.13125,3.39531,1.93125,1.86563,PX632,auxin_mated,mated,auxin,48,20,20,OP50-1,,,,,1,25.6096,1.79167,0.0416667,0,0,,,Automated Analysis,Lifespan Machine,,
Vesuvius,1,RL_110918,Vesuvius_b::1,PX632::mated::auxin::48::20::OP50-1,b::1,1,b,2.13125,3.39531,1.93125,1.86563,PX632,auxin_mated,mated,auxin,48,20,20,OP50-1,,,,,1,25.6512,1.08333,0.0416667,0,0,,,Automated Analysis,Lifespan Machine,,
Vesuvius,1,RL_110918,Vesuvius_b::1,PX632::mated::auxin::48::20::OP50-1,b::1,1,b,2.13125,3.39531,1.93125,1.86563,PX632,auxin_mated,mated,auxin,48,20,20,OP50-1,,,,,1,25.9429,3.58333,0.0416667,0,0,,,Automated Analysis,Lifespan Machine,,
Vesuvius,1,RL_110918,Vesuvius_b::1,PX632::mated::auxin::48::20::OP50-1,b::1,1,b,2.13125,3.39531,1.93125,1.86563,PX632,auxin_mated,mated,auxin,48,20,20,OP50-1,,,,,1,26.1929,0.375,0.0416667,0,0,,,Automated Analysis,Lifespan Machine,,
Vesuvius,1,RL_110918,Vesuvius_b::1,PX632::mated::auxin::48::20::OP50-1,b::1,1,b,2.13125,3.39531,1.93125,1.86563,PX632,auxin_mated,mated,auxin,48,20,20,OP50-1,,,,,1,26.2346,0.541667,0.0416667,0,0,,,Automated Analysis,Lifespan Machine,,
Vesuvius,1,RL_110918,Vesuvius_b::1,PX632::mated::auxin::48::20::OP50-1,b::1,1,b,2.13125,3.39531,1.93125,1.86563,PX632,auxin_mated,mated,auxin,48,20,20,OP50-1,,,,,1,26.6512,2.41667,0.0416667,0,0,,,Automated Analysis,Lifespan Machine,,
Vesuvius,1,RL_110918,Vesuvius_b::1,PX632::mated::auxin::48::20::OP50-1,b::1,1,b,2.13125,3.39531,1.93125,1.86563,PX632,auxin_mated,mated,auxin,48,20,20,OP50-1,,,,,1,27.3179,0.708333,0.0416667,0,0,,,Automated Analysis,Lifespan Machine,,
Vesuvius,1,RL_110918,Vesuvius_b::1,PX632::mated::auxin::48::20::OP50-1,b::1,1,b,2.13125,3.39531,1.93125,1.86563,PX632,auxin_mated,mated,auxin,48,20,20,OP50-1,,,,,1,27.3596,1.04167,0.0416667,0,0,,,Automated Analysis,Lifespan Machine,,
Vesuvius,1,RL_110918,Vesuvius_b::1,PX632::mated::auxin::48::20::OP50-1,b::1,1,b,2.13125,3.39531,1.93125,1.86563,PX632,auxin_mated,mated,auxin,48,20,20,OP50-1,,,,,1,27.3804,4.77083,0,0,0,,Observed Multiple Worm,Storyboard Annotation,Lifespan Machine,,
Vesuvius,1,RL_110918,Vesuvius_b::1,PX632::mated::auxin::48::20::OP50-1,b::1,1,b,2.13125,3.39531,1.93125,1.86563,PX632,auxin_mated,mated,auxin,48,20,20,OP50-1,,,,,1,27.3804,4.77083,0,0,0,,Induced Multiple Worm,Storyboard Annotation,Lifespan Machine,,
Vesuvius,1,RL_110918,Vesuvius_b::1,PX632::mated::auxin::48::20::OP50-1,b::1,1,b,2.13125,3.39531,1.93125,1.86563,PX632,auxin_mated,mated,auxin,48,20,20,OP50-1,,,,,1,27.7346,2.5,0.0416667,0,0,,,Automated Analysis,Lifespan Machine,,
Vesuvius,1,RL_110918,Vesuvius_b::1,PX632::mated::auxin::48::20::OP50-1,b::1,1,b,2.13125,3.39531,1.93125,1.86563,PX632,auxin_mated,mated,auxin,48,20,20,OP50-1,,,,,1,29.1512,1.45833,0.0416667,0,0,,,Automated Analysis,Lifespan Machine,,
Vesuvius,1,RL_110918,Vesuvius_b::1,PX632::mated::auxin::48::20::OP50-1,b::1,1,b,2.13125,3.39531,1.93125,1.86563,PX632,auxin_mated,mated,auxin,48,20,20,OP50-1,,,,,1,29.1512,3.5,0.0416667,0,0,,,Automated Analysis,Lifespan Machine,,
Vesuvius,1,RL_110918,Vesuvius_b::1,PX632::mated::auxin::48::20::OP50-1,b::1,1,b,2.13125,3.39531,1.93125,1.86563,PX632,auxin_mated,mated,auxin,48,20,20,OP50-1,,,,,1,29.2346,1.16667,0.0416667,0,0,,,Automated Analysis,Lifespan Machine,,
Vesuvius,1,RL_110918,Vesuvius_b::1,PX632::mated::auxin::48::20::OP50-1,b::1,1,b,2.13125,3.39531,1.93125,1.86563,PX632,auxin_mated,mated,auxin,48,20,20,OP50-1,,,,,1,29.4429,1.375,0.0416667,0,0,,,Automated Analysis,Lifespan Machine,,
Vesuvius,1,RL_110918,Vesuvius_b::1,PX632::mated::auxin::48::20::OP50-1,b::1,1,b,2.13125,3.39531,1.93125,1.86563,PX632,auxin_mated,mated,auxin,48,20,20,OP50-1,,,,,1,29.4429,5.625,0.0416667,0,0,,,Automated Analysis,Lifespan Machine,,
Vesuvius,1,RL_110918,Vesuvius_b::1,PX632::mated::auxin::48::20::OP50-1,b::1,1,b,2.13125,3.39531,1.93125,1.86563,PX632,auxin_mated,mated,auxin,48,20,20,OP50-1,,,,,1,30.3596,2.41667,0,0,0,,,Storyboard Annotation,Lifespan Machine,,
Vesuvius,1,RL_110918,Vesuvius_b::2,PX632::virgin::auxin::52::20::OP50-1,b::2,2,b,2.14688,5.73594,1.95625,1.88437,PX632,auxin_virgin,virgin,auxin,52,20,20,OP50-1,,,,,1,13.8179,2.75,0,0,0,,,Storyboard Annotation,Lifespan Machine,,
Vesuvius,1,RL_110918,Vesuvius_b::2,PX632::virgin::auxin::52::20::OP50-1,b::2,2,b,2.14688,5.73594,1.95625,1.88437,PX632,auxin_virgin,virgin,auxin,52,20,20,OP50-1,,,,,1,14.3596,1.41667,0,0,0,,,Storyboard Annotation,Lifespan Machine,,
Vesuvius,1,RL_110918,Vesuvius_b::2,PX632::virgin::auxin::52::20::OP50-1,b::2,2,b,2.14688,5.73594,1.95625,1.88437,PX632,auxin_virgin,virgin,auxin,52,20,20,OP50-1,,,,,1,15.2346,0.458333,0.0416667,0,0,,,Automated Analysis,Lifespan Machine,,
Vesuvius,1,RL_110918,Vesuvius_b::2,PX632::virgin::auxin::52::20::OP50-1,b::2,2,b,2.14688,5.73594,1.95625,1.88437,PX632,auxin_virgin,virgin,auxin,52,20,20,OP50-1,,,,,1,16.1929,1.83333,0,0,0,,,Storyboard Annotation,Lifespan Machine,,
Vesuvius,1,RL_110918,Vesuvius_b::2,PX632::virgin::auxin::52::20::OP50-1,b::2,2,b,2.14688,5.73594,1.95625,1.88437,PX632,auxin_virgin,virgin,auxin,52,20,20,OP50-1,,,,,1,17.4429,2.41667,0.0416667,0,0,,,Automated Analysis,Lifespan Machine,,
Vesuvius,1,RL_110918,Vesuvius_b::2,PX632::virgin::auxin::52::20::OP50-1,b::2,2,b,2.14688,5.73594,1.95625,1.88437,PX632,auxin_virgin,virgin,auxin,52,20,20,OP50-1,,,,,1,17.9846,0.666667,0.0416667,0,0,,,Automated Analysis,Lifespan Machine,,
Vesuvius,1,RL_110918,Vesuvius_b::2,PX632::virgin::auxin::52::20::OP50-1,b::2,2,b,2.14688,5.73594,1.95625,1.88437,PX632,auxin_virgin,virgin,auxin,52,20,20,OP50-1,,,,,1,18.9012,1.70833,0.0416667,0,0,,,Automated Analysis,Lifespan Machine,,
Vesuvius,1,RL_110918,Vesuvius_b::2,PX632::virgin::auxin::52::20::OP50-1,b::2,2,b,2.14688,5.73594,1.95625,1.88437,PX632,auxin_virgin,virgin,auxin,52,20,20,OP50-1,,,,,1,19.4429,2.875,0,0,0,,,Storyboard Annotation,Lifespan Machine,,
Vesuvius,1,RL_110918,Vesuvius_b::2,PX632::virgin::auxin::52::20::OP50-1,b::2,2,b,2.14688,5.73594,1.95625,1.88437,PX632,auxin_virgin,virgin,auxin,52,20,20,OP50-1,,,,,1,20.0679,0.666667,0.0416667,0,0,,,Automated Analysis,Lifespan Machine,,
Vesuvius,1,RL_110918,Vesuvius_b::2,PX632::virgin::auxin::52::20::OP50-1,b::2,2,b,2.14688,5.73594,1.95625,1.88437,PX632,auxin_virgin,virgin,auxin,52,20,20,OP50-1,,,,,1,20.9429,1.41667,0.0416667,0,0,,,Automated Analysis,Lifespan Machine,,
Vesuvius,1,RL_110918,Vesuvius_b::2,PX632::virgin::auxin::52::20::OP50-1,b::2,2,b,2.14688,5.73594,1.95625,1.88437,PX632,auxin_virgin,virgin,auxin,52,20,20,OP50-1,,,,,1,21.0262,3.41667,0.0416667,0,0,,,Automated Analysis,Lifespan Machine,,
Vesuvius,1,RL_110918,Vesuvius_b::2,PX632::virgin::auxin::52::20::OP50-1,b::2,2,b,2.14688,5.73594,1.95625,1.88437,PX632,auxin_virgin,virgin,auxin,52,20,20,OP50-1,,,,,1,21.1512,3,0,0,0,,,Storyboard Annotation,Lifespan Machine,,
Vesuvius,1,RL_110918,Vesuvius_b::2,PX632::virgin::auxin::52::20::OP50-1,b::2,2,b,2.14688,5.73594,1.95625,1.88437,PX632,auxin_virgin,virgin,auxin,52,20,20,OP50-1,,,,,1,21.6512,3.41667,0.0416667,0,0,,,Automated Analysis,Lifespan Machine,,
Vesuvius,1,RL_110918,Vesuvius_b::2,PX632::virgin::auxin::52::20::OP50-1,b::2,2,b,2.14688,5.73594,1.95625,1.88437,PX632,auxin_virgin,virgin,auxin,52,20,20,OP50-1,,,,,1,21.6929,2.20833,0.0416667,0,0,,,Automated Analysis,Lifespan Machine,,
Vesuvius,1,RL_110918,Vesuvius_b::2,PX632::virgin::auxin::52::20::OP50-1,b::2,2,b,2.14688,5.73594,1.95625,1.88437,PX632,auxin_virgin,virgin,auxin,52,20,20,OP50-1,,,,,1,22.8596,3.375,0,0,0,,,Storyboard Annotation,Lifespan Machine,,
Vesuvius,1,RL_110918,Vesuvius_b::2,PX632::virgin::auxin::52::20::OP50-1,b::2,2,b,2.14688,5.73594,1.95625,1.88437,PX632,auxin_virgin,virgin,auxin,52,20,20,OP50-1,,,,,1,23.6512,1.33333,0,0,0,,,Storyboard Annotation,Lifespan Machine,,
Vesuvius,1,RL_110918,Vesuvius_b::2,PX632::virgin::auxin::52::20::OP50-1,b::2,2,b,2.14688,5.73594,1.95625,1.88437,PX632,auxin_virgin,virgin,auxin,52,20,20,OP50-1,,,,,1,23.6929,1.20833,0.0416667,0,0,,,Automated Analysis,Lifespan Machine,,
Vesuvius,1,RL_110918,Vesuvius_b::2,PX632::virgin::auxin::52::20::OP50-1,b::2,2,b,2.14688,5.73594,1.95625,1.88437,PX632,auxin_virgin,virgin,auxin,52,20,20,OP50-1,,,,,1,24.2762,1.125,0.0416667,0,0,,,Automated Analysis,Lifespan Machine,,
Vesuvius,1,RL_110918,Vesuvius_b::2,PX632::virgin::auxin::52::20::OP50-1,b::2,2,b,2.14688,5.73594,1.95625,1.88437,PX632,auxin_virgin,virgin,auxin,52,20,20,OP50-1,,,,,1,24.4012,0.291667,0,0,0,,,Storyboard Annotation,Lifespan Machine,,
Vesuvius,1,RL_110918,Vesuvius_b::2,PX632::virgin::auxin::52::20::OP50-1,b::2,2,b,2.14688,5.73594,1.95625,1.88437,PX632,auxin_virgin,virgin,auxin,52,20,20,OP50-1,,,,,1,24.5679,0.541667,0.0416667,0,0,,,Automated Analysis,Lifespan Machine,,
Vesuvius,1,RL_110918,Vesuvius_b::2,PX632::virgin::auxin::52::20::OP50-1,b::2,2,b,2.14688,5.73594,1.95625,1.88437,PX632,auxin_virgin,virgin,auxin,52,20,20,OP50-1,,,,,1,24.8596,5.33333,0.0416667,0,0,,,Automated Analysis,Lifespan Machine,,
Vesuvius,1,RL_110918,Vesuvius_b::2,PX632::virgin::auxin::52::20::OP50-1,b::2,2,b,2.14688,5.73594,1.95625,1.88437,PX632,auxin_virgin,virgin,auxin,52,20,20,OP50-1,,,,,1,24.8596,2.66667,0.0416667,0,0,,,Automated Analysis,Lifespan Machine,,
Vesuvius,1,RL_110918,Vesuvius_b::2,PX632::virgin::auxin::52::20::OP50-1,b::2,2,b,2.14688,5.73594,1.95625,1.88437,PX632,auxin_virgin,virgin,auxin,52,20,20,OP50-1,,,,,1,25.4846,0.583333,0.0416667,0,0,,,Automated Analysis,Lifespan Machine,,
Vesuvius,1,RL_110918,Vesuvius_b::2,PX632::virgin::auxin::52::20::OP50-1,b::2,2,b,2.14688,5.73594,1.95625,1.88437,PX632,auxin_virgin,virgin,auxin,52,20,20,OP50-1,,,,,1,25.9012,1.375,0.0416667,0,0,,,Automated Analysis,Lifespan Machine,,
Vesuvius,1,RL_110918,Vesuvius_b::2,PX632::virgin::auxin::52::20::OP50-1,b::2,2,b,2.14688,5.73594,1.95625,1.88437,PX632,auxin_virgin,virgin,auxin,52,20,20,OP50-1,,,,,1,25.9429,0.75,0.0416667,0,0,,,Automated Analysis,Lifespan Machine,,
Vesuvius,1,RL_110918,Vesuvius_b::2,PX632::virgin::auxin::52::20::OP50-1,b::2,2,b,2.14688,5.73594,1.95625,1.88437,PX632,auxin_virgin,virgin,auxin,52,20,20,OP50-1,,,,,1,26.0262,2.08333,0.0416667,0,0,,,Automated Analysis,Lifespan Machine,,
Vesuvius,1,RL_110918,Vesuvius_b::2,PX632::virgin::auxin::52::20::OP50-1,b::2,2,b,2.14688,5.73594,1.95625,1.88437,PX632,auxin_virgin,virgin,auxin,52,20,20,OP50-1,,,,,1,26.3179,0.75,0.0416667,0,0,,,Automated Analysis,Lifespan Machine,,
Vesuvius,1,RL_110918,Vesuvius_b::2,PX632::virgin::auxin::52::20::OP50-1,b::2,2,b,2.14688,5.73594,1.95625,1.88437,PX632,auxin_virgin,virgin,auxin,52,20,20,OP50-1,,,,,1,26.6929,1.16667,0.0416667,0,0,,,Automated Analysis,Lifespan Machine,,
Vesuvius,1,RL_110918,Vesuvius_b::2,PX632::virgin::auxin::52::20::OP50-1,b::2,2,b,2.14688,5.73594,1.95625,1.88437,PX632,auxin_virgin,virgin,auxin,52,20,20,OP50-1,,,,,1,26.6929,6.125,0.0416667,0,0,,,Automated Analysis,Lifespan Machine,,
Vesuvius,1,RL_110918,Vesuvius_b::2,PX632::virgin::auxin::52::20::OP50-1,b::2,2,b,2.14688,5.73594,1.95625,1.88437,PX632,auxin_virgin,virgin,auxin,52,20,20,OP50-1,,,,,1,26.8596,1.29167,0.0416667,0,0,,,Automated Analysis,Lifespan Machine,,
Vesuvius,1,RL_110918,Vesuvius_b::2,PX632::virgin::auxin::52::20::OP50-1,b::2,2,b,2.14688,5.73594,1.95625,1.88437,PX632,auxin_virgin,virgin,auxin,52,20,20,OP50-1,,,,,1,27.0679,0.916667,0.0416667,0,0,,,Automated Analysis,Lifespan Machine,,
Vesuvius,1,RL_110918,Vesuvius_b::2,PX632::virgin::auxin::52::20::OP50-1,b::2,2,b,2.14688,5.73594,1.95625,1.88437,PX632,auxin_virgin,virgin,auxin,52,20,20,OP50-1,,,,,1,27.0679,3.83333,0.0416667,0,0,,,Automated Analysis,Lifespan Machine,,
Vesuvius,1,RL_110918,Vesuvius_b::2,PX632::virgin::auxin::52::20::OP50-1,b::2,2,b,2.14688,5.73594,1.95625,1.88437,PX632,auxin_virgin,virgin,auxin,52,20,20,OP50-1,,,,,1,27.1304,5.35417,0,0,0,,Observed Multiple Worm,Storyboard Annotation,Lifespan Machine,,
Vesuvius,1,RL_110918,Vesuvius_b::2,PX632::virgin::auxin::52::20::OP50-1,b::2,2,b,2.14688,5.73594,1.95625,1.88437,PX632,auxin_virgin,virgin,auxin,52,20,20,OP50-1,,,,,1,27.1304,5.35417,0,0,0,,Induced Multiple Worm,Storyboard Annotation,Lifespan Machine,,
Vesuvius,1,RL_110918,Vesuvius_b::2,PX632::virgin::auxin::52::20::OP50-1,b::2,2,b,2.14688,5.73594,1.95625,1.88437,PX632,auxin_virgin,virgin,auxin,52,20,20,OP50-1,,,,,1,27.1096,0.416667,0.0416667,0,0,,,Automated Analysis,Lifespan Machine,,
Vesuvius,1,RL_110918,Vesuvius_b::2,PX632::virgin::auxin::52::20::OP50-1,b::2,2,b,2.14688,5.73594,1.95625,1.88437,PX632,auxin_virgin,virgin,auxin,52,20,20,OP50-1,,,,,1,27.1096,0,0.0416667,0,0,,,Automated Analysis,Lifespan Machine,,
Vesuvius,1,RL_110918,Vesuvius_b::2,PX632::virgin::auxin::52::20::OP50-1,b::2,2,b,2.14688,5.73594,1.95625,1.88437,PX632,auxin_virgin,virgin,auxin,52,20,20,OP50-1,,,,,1,27.2346,0.875,0.0416667,0,0,,,Automated Analysis,Lifespan Machine,,
Vesuvius,1,RL_110918,Vesuvius_b::2,PX632::virgin::auxin::52::20::OP50-1,b::2,2,b,2.14688,5.73594,1.95625,1.88437,PX632,auxin_virgin,virgin,auxin,52,20,20,OP50-1,,,,,1,27.2762,2.83333,0.0416667,0,0,,,Automated Analysis,Lifespan Machine,,
Vesuvius,1,RL_110918,Vesuvius_b::2,PX632::virgin::auxin::52::20::OP50-1,b::2,2,b,2.14688,5.73594,1.95625,1.88437,PX632,auxin_virgin,virgin,auxin,52,20,20,OP50-1,,,,,1,27.9429,2.33333,0,0,0,,,Storyboard Annotation,Lifespan Machine,,
Vesuvius,1,RL_110918,Vesuvius_b::2,PX632::virgin::auxin::52::20::OP50-1,b::2,2,b,2.14688,5.73594,1.95625,1.88437,PX632,auxin_virgin,virgin,auxin,52,20,20,OP50-1,,,,,1,28.2346,0.791667,0.0416667,0,0,,,Automated Analysis,Lifespan Machine,,
Vesuvius,1,RL_110918,Vesuvius_b::2,PX632::virgin::auxin::52::20::OP50-1,b::2,2,b,2.14688,5.73594,1.95625,1.88437,PX632,auxin_virgin,virgin,auxin,52,20,20,OP50-1,,,,,1,29.4012,3.25,0,0,0,,,Storyboard Annotation,Lifespan Machine,,
Vesuvius,1,RL_110918,Vesuvius_c::1,PX632::virgin::NGM::57::20::OP50-1,c::1,1,c,4.15781,3.24375,1.84063,1.9125,PX632,virgin.null.PX632,virgin,NGM,57,20,20,OP50-1,,,,,1,30.245,0.166667,0.0416667,0,1,Objects apparently moving at termination of measurement,,Automated Analysis,Lifespan Machine,,
Vesuvius,1,RL_110918,Vesuvius_c::1,PX632::virgin::NGM::57::20::OP50-1,c::1,1,c,4.15781,3.24375,1.84063,1.9125,PX632,virgin.null.PX632,virgin,NGM,57,20,20,OP50-1,,,,,1,11.87,1.375,0,0,0,,,Storyboard Annotation,Lifespan Machine,,
Vesuvius,1,RL_110918,Vesuvius_c::1,PX632::virgin::NGM::57::20::OP50-1,c::1,1,c,4.15781,3.24375,1.84063,1.9125,PX632,virgin.null.PX632,virgin,NGM,57,20,20,OP50-1,,,,,1,13.4116,1.33333,0.0416667,0,0,,,Automated Analysis,Lifespan Machine,,
Vesuvius,1,RL_110918,Vesuvius_c::1,PX632::virgin::NGM::57::20::OP50-1,c::1,1,c,4.15781,3.24375,1.84063,1.9125,PX632,virgin.null.PX632,virgin,NGM,57,20,20,OP50-1,,,,,1,14.3283,2.375,0.0416667,0,0,,,Automated Analysis,Lifespan Machine,,
Vesuvius,1,RL_110918,Vesuvius_c::1,PX632::virgin::NGM::57::20::OP50-1,c::1,1,c,4.15781,3.24375,1.84063,1.9125,PX632,virgin.null.PX632,virgin,NGM,57,20,20,OP50-1,,,,,1,15.4533,0.583333,0.0416667,0,0,,,Automated Analysis,Lifespan Machine,,
Vesuvius,1,RL_110918,Vesuvius_c::1,PX632::virgin::NGM::57::20::OP50-1,c::1,1,c,4.15781,3.24375,1.84063,1.9125,PX632,virgin.null.PX632,virgin,NGM,57,20,20,OP50-1,,,,,1,15.9116,6.625,0.0833333,0,0,,,Automated Analysis,Lifespan Machine,,
Vesuvius,1,RL_110918,Vesuvius_c::1,PX632::virgin::NGM::57::20::OP50-1,c::1,1,c,4.15781,3.24375,1.84063,1.9125,PX632,virgin.null.PX632,virgin,NGM,57,20,20,OP50-1,,,,,1,17.4116,0.958333,0.0416667,0,0,,,Automated Analysis,Lifespan Machine,,
Vesuvius,1,RL_110918,Vesuvius_c::1,PX632::virgin::NGM::57::20::OP50-1,c::1,1,c,4.15781,3.24375,1.84063,1.9125,PX632,virgin.null.PX632,virgin,NGM,57,20,20,OP50-1,,,,,1,17.4533,3.41667,0.0416667,0,0,,,Automated Analysis,Lifespan Machine,,
Vesuvius,1,RL_110918,Vesuvius_c::1,PX632::virgin::NGM::57::20::OP50-1,c::1,1,c,4.15781,3.24375,1.84063,1.9125,PX632,virgin.null.PX632,virgin,NGM,57,20,20,OP50-1,,,,,1,17.5366,1.20833,0.0416667,0,0,,,Automated Analysis,Lifespan Machine,,
Vesuvius,1,RL_110918,Vesuvius_c::1,PX632::virgin::NGM::57::20::OP50-1,c::1,1,c,4.15781,3.24375,1.84063,1.9125,PX632,virgin.null.PX632,virgin,NGM,57,20,20,OP50-1,,,,,1,18.0366,2.70833,0.0416667,0,0,,,Automated Analysis,Lifespan Machine,,
Vesuvius,1,RL_110918,Vesuvius_c::1,PX632::virgin::NGM::57::20::OP50-1,c::1,1,c,4.15781,3.24375,1.84063,1.9125,PX632,virgin.null.PX632,virgin,NGM,57,20,20,OP50-1,,,,,1,18.5366,0.5,0,0,0,,,Storyboard Annotation,Lifespan Machine,,
Vesuvius,1,RL_110918,Vesuvius_c::1,PX632::virgin::NGM::57::20::OP50-1,c::1,1,c,4.15781,3.24375,1.84063,1.9125,PX632,virgin.null.PX632,virgin,NGM,57,20,20,OP50-1,,,,,1,18.9533,2.08333,0.0833333,0,0,,,Automated Analysis,Lifespan Machine,,
Vesuvius,1,RL_110918,Vesuvius_c::1,PX632::virgin::NGM::57::20::OP50-1,c::1,1,c,4.15781,3.24375,1.84063,1.9125,PX632,virgin.null.PX632,virgin,NGM,57,20,20,OP50-1,,,,,1,19.2866,4.625,0.0833333,0,0,,,Automated Analysis,Lifespan Machine,,
Vesuvius,1,RL_110918,Vesuvius_c::1,PX632::virgin::NGM::57::20::OP50-1,c::1,1,c,4.15781,3.24375,1.84063,1.9125,PX632,virgin.null.PX632,virgin,NGM,57,20,20,OP50-1,,,,,1,19.3283,3.375,0.0833333,0,0,,,Automated Analysis,Lifespan Machine,,
Vesuvius,1,RL_110918,Vesuvius_c::1,PX632::virgin::NGM::57::20::OP50-1,c::1,1,c,4.15781,3.24375,1.84063,1.9125,PX632,virgin.null.PX632,virgin,NGM,57,20,20,OP50-1,,,,,1,19.6408,1.3125,0.0833333,0,0,,,Automated Analysis,Lifespan Machine,,
Vesuvius,1,RL_110918,Vesuvius_c::1,PX632::virgin::NGM::57::20::OP50-1,c::1,1,c,4.15781,3.24375,1.84063,1.9125,PX632,virgin.null.PX632,virgin,NGM,57,20,20,OP50-1,,,,,1,21.2033,1.33333,0.0416667,0,0,,,Automated Analysis,Lifespan Machine,,
Vesuvius,1,RL_110918,Vesuvius_c::1,PX632::virgin::NGM::57::20::OP50-1,c::1,1,c,4.15781,3.24375,1.84063,1.9125,PX632,virgin.null.PX632,virgin,NGM,57,20,20,OP50-1,,,,,1,21.6616,2.29167,0.0833333,0,0,,,Automated Analysis,Lifespan Machine,,
Vesuvius,1,RL_110918,Vesuvius_c::1,PX632::virgin::NGM::57::20::OP50-1,c::1,1,c,4.15781,3.24375,1.84063,1.9125,PX632,virgin.null.PX632,virgin,NGM,57,20,20,OP50-1,,,,,1,22.245,2.875,0.0833333,0,0,,,Automated Analysis,Lifespan Machine,,
Vesuvius,1,RL_110918,Vesuvius_c::1,PX632::virgin::NGM::57::20::OP50-1,c::1,1,c,4.15781,3.24375,1.84063,1.9125,PX632,virgin.null.PX632,virgin,NGM,57,20,20,OP50-1,,,,,1,22.5366,5.04167,0.0833333,0,0,,,Automated Analysis,Lifespan Machine,,
Vesuvius,1,RL_110918,Vesuvius_c::1,PX632::virgin::NGM::57::20::OP50-1,c::1,1,c,4.15781,3.24375,1.84063,1.9125,PX632,virgin.null.PX632,virgin,NGM,57,20,20,OP50-1,,,,,1,22.7866,3.95833,0.0833333,0,0,,,Automated Analysis,Lifespan Machine,,
Vesuvius,1,RL_110918,Vesuvius_c::1,PX632::virgin::NGM::57::20::OP50-1,c::1,1,c,4.15781,3.24375,1.84063,1.9125,PX632,virgin.null.PX632,virgin,NGM,57,20,20,OP50-1,,,,,1,23.3283,1.33333,0.0416667,0,0,,,Automated Analysis,Lifespan Machine,,
Vesuvius,1,RL_110918,Vesuvius_c::1,PX632::virgin::NGM::57::20::OP50-1,c::1,1,c,4.15781,3.24375,1.84063,1.9125,PX632,virgin.null.PX632,virgin,NGM,57,20,20,OP50-1,,,,,1,24.2033,6.91667,0.0833333,0,0,,,Automated Analysis,Lifespan Machine,,
Vesuvius,1,RL_110918,Vesuvius_c::1,PX632::virgin::NGM::57::20::OP50-1,c::1,1,c,4.15781,3.24375,1.84063,1.9125,PX632,virgin.null.PX632,virgin,NGM,57,20,20,OP50-1,,,,,1,25.7033,4.58333,0.0416667,0,0,,,Automated Analysis,Lifespan Machine,,
Vesuvius,1,RL_110918,Vesuvius_c::1,PX632::virgin::NGM::57::20::OP50-1,c::1,1,c,4.15781,3.24375,1.84063,1.9125,PX632,virgin.null.PX632,virgin,NGM,57,20,20,OP50-1,,,,,1,25.8283,1,0.0416667,0,0,,,Automated Analysis,Lifespan Machine,,
Vesuvius,1,RL_110918,Vesuvius_c::1,PX632::virgin::NGM::57::20::OP50-1,c::1,1,c,4.15781,3.24375,1.84063,1.9125,PX632,virgin.null.PX632,virgin,NGM,57,20,20,OP50-1,,,,,1,25.995,6.45833,0.0833333,0,0,,,Automated Analysis,Lifespan Machine,,
Vesuvius,1,RL_110918,Vesuvius_c::1,PX632::virgin::NGM::57::20::OP50-1,c::1,1,c,4.15781,3.24375,1.84063,1.9125,PX632,virgin.null.PX632,virgin,NGM,57,20,20,OP50-1,,,,,1,26.0366,0.708333,0.0416667,0,0,,,Automated Analysis,Lifespan Machine,,
Vesuvius,1,RL_110918,Vesuvius_c::1,PX632::virgin::NGM::57::20::OP50-1,c::1,1,c,4.15781,3.24375,1.84063,1.9125,PX632,virgin.null.PX632,virgin,NGM,57,20,20,OP50-1,,,,,1,26.995,2.5,0.0416667,0,0,,,Automated Analysis,Lifespan Machine,,
Vesuvius,1,RL_110918,Vesuvius_c::1,PX632::virgin::NGM::57::20::OP50-1,c::1,1,c,4.15781,3.24375,1.84063,1.9125,PX632,virgin.null.PX632,virgin,NGM,57,20,20,OP50-1,,,,,1,27.37,2.25,0.0416667,0,0,,,Automated Analysis,Lifespan Machine,,
Vesuvius,1,RL_110918,Vesuvius_c::1,PX632::virgin::NGM::57::20::OP50-1,c::1,1,c,4.15781,3.24375,1.84063,1.9125,PX632,virgin.null.PX632,virgin,NGM,57,20,20,OP50-1,,,,,1,27.5366,1.29167,0.0416667,0,0,,,Automated Analysis,Lifespan Machine,,
Vesuvius,1,RL_110918,Vesuvius_c::1,PX632::virgin::NGM::57::20::OP50-1,c::1,1,c,4.15781,3.24375,1.84063,1.9125,PX632,virgin.null.PX632,virgin,NGM,57,20,20,OP50-1,,,,,1,27.6616,0.25,0.0416667,0,0,,,Automated Analysis,Lifespan Machine,,
Vesuvius,1,RL_110918,Vesuvius_c::1,PX632::virgin::NGM::57::20::OP50-1,c::1,1,c,4.15781,3.24375,1.84063,1.9125,PX632,virgin.null.PX632,virgin,NGM,57,20,20,OP50-1,,,,,1,27.745,3.29167,0.0416667,0,0,,,Automated Analysis,Lifespan Machine,,
Vesuvius,1,RL_110918,Vesuvius_c::1,PX632::virgin::NGM::57::20::OP50-1,c::1,1,c,4.15781,3.24375,1.84063,1.9125,PX632,virgin.null.PX632,virgin,NGM,57,20,20,OP50-1,,,,,1,27.9116,4.70833,0.0416667,0,0,,,Automated Analysis,Lifespan Machine,,
Vesuvius,1,RL_110918,Vesuvius_c::1,PX632::virgin::NGM::57::20::OP50-1,c::1,1,c,4.15781,3.24375,1.84063,1.9125,PX632,virgin.null.PX632,virgin,NGM,57,20,20,OP50-1,,,,,1,28.62,0.875,0.0416667,0,0,,,Automated Analysis,Lifespan Machine,,
Vesuvius,1,RL_110918,Vesuvius_c::1,PX632::virgin::NGM::57::20::OP50-1,c::1,1,c,4.15781,3.24375,1.84063,1.9125,PX632,virgin.null.PX632,virgin,NGM,57,20,20,OP50-1,,,,,1,28.9116,0.375,0.0416667,0,0,,,Automated Analysis,Lifespan Machine,,
Vesuvius,1,RL_110918,Vesuvius_c::1,PX632::virgin::NGM::57::20::OP50-1,c::1,1,c,4.15781,3.24375,1.84063,1.9125,PX632,virgin.null.PX632,virgin,NGM,57,20,20,OP50-1,,,,,1,29.1616,0.625,0,0,0,,,Storyboard Annotation,Lifespan Machine,,
Vesuvius,1,RL_110918,Vesuvius_c::1,PX632::virgin::NGM::57::20::OP50-1,c::1,1,c,4.15781,3.24375,1.84063,1.9125,PX632,virgin.null.PX632,virgin,NGM,57,20,20,OP50-1,,,,,1,30.6616,6,0,0,0,,,Storyboard Annotation,Lifespan Machine,,
Vesuvius,1,RL_110918,Vesuvius_c::2,PX632::mated::auxin::24::20::OP50-1,c::2,2,c,4.17344,5.50625,1.80938,1.88125,PX632,auxin_mated,mated,auxin,24,20,20,OP50-1,,,,,1,30.2866,10.4583,0.0416667,0,1,Objects apparently moving at termination of measurement,,Automated Analysis,Lifespan Machine,,
Vesuvius,1,RL_110918,Vesuvius_c::2,PX632::mated::auxin::24::20::OP50-1,c::2,2,c,4.17344,5.50625,1.80938,1.88125,PX632,auxin_mated,mated,auxin,24,20,20,OP50-1,,,,,1,11.2866,1.41667,0.0416667,0,0,,,Automated Analysis,Lifespan Machine,,
Vesuvius,1,RL_110918,Vesuvius_c::2,PX632::mated::auxin::24::20::OP50-1,c::2,2,c,4.17344,5.50625,1.80938,1.88125,PX632,auxin_mated,mated,auxin,24,20,20,OP50-1,,,,,1,19.1616,6.29167,0,0,0,,,Storyboard Annotation,Lifespan Machine,,
Vesuvius,1,RL_110918,Vesuvius_c::2,PX632::mated::auxin::24::20::OP50-1,c::2,2,c,4.17344,5.50625,1.80938,1.88125,PX632,auxin_mated,mated,auxin,24,20,20,OP50-1,,,,,1,19.6408,1.14583,0.0833333,0,0,,,Automated Analysis,Lifespan Machine,,
Vesuvius,1,RL_110918,Vesuvius_c::2,PX632::mated::auxin::24::20::OP50-1,c::2,2,c,4.17344,5.50625,1.80938,1.88125,PX632,auxin_mated,mated,auxin,24,20,20,OP50-1,,,,,1,20.2033,1.625,0,0,0,,,Storyboard Annotation,Lifespan Machine,,
Vesuvius,1,RL_110918,Vesuvius_c::2,PX632::mated::auxin::24::20::OP50-1,c::2,2,c,4.17344,5.50625,1.80938,1.88125,PX632,auxin_mated,mated,auxin,24,20,20,OP50-1,,,,,1,20.8283,0.958333,0.0416667,0,0,,,Automated Analysis,Lifespan Machine,,
Vesuvius,1,RL_110918,Vesuvius_c::2,PX632::mated::auxin::24::20::OP50-1,c::2,2,c,4.17344,5.50625,1.80938,1.88125,PX632,auxin_mated,mated,auxin,24,20,20,OP50-1,,,,,1,23.2866,5.29167,0.0833333,0,0,,,Automated Analysis,Lifespan Machine,,
Vesuvius,1,RL_110918,Vesuvius_c::2,PX632::mated::auxin::24::20::OP50-1,c::2,2,c,4.17344,5.50625,1.80938,1.88125,PX632,auxin_mated,mated,auxin,24,20,20,OP50-1,,,,,1,24.7033,0.333333,0.0416667,0,0,,,Automated Analysis,Lifespan Machine,,
Vesuvius,1,RL_110918,Vesuvius_c::2,PX632::mated::auxin::24::20::OP50-1,c::2,2,c,4.17344,5.50625,1.80938,1.88125,PX632,auxin_mated,mated,auxin,24,20,20,OP50-1,,,,,1,25.2033,0.125,0.0416667,0,0,,,Automated Analysis,Lifespan Machine,,
Vesuvius,1,RL_110918,Vesuvius_c::2,PX632::mated::auxin::24::20::OP50-1,c::2,2,c,4.17344,5.50625,1.80938,1.88125,PX632,auxin_mated,mated,auxin,24,20,20,OP50-1,,,,,1,25.495,0.916667,0.0416667,0,0,,,Automated Analysis,Lifespan Machine,,
Vesuvius,1,RL_110918,Vesuvius_c::2,PX632::mated::auxin::24::20::OP50-1,c::2,2,c,4.17344,5.50625,1.80938,1.88125,PX632,auxin_mated,mated,auxin,24,20,20,OP50-1,,,,,1,26.7866,3.45833,0.0416667,0,0,,,Automated Analysis,Lifespan Machine,,
Vesuvius,1,RL_110918,Vesuvius_c::2,PX632::mated::auxin::24::20::OP50-1,c::2,2,c,4.17344,5.50625,1.80938,1.88125,PX632,auxin_mated,mated,auxin,24,20,20,OP50-1,,,,,1,26.8283,0.75,0.0416667,0,0,,,Automated Analysis,Lifespan Machine,,
Vesuvius,1,RL_110918,Vesuvius_c::2,PX632::mated::auxin::24::20::OP50-1,c::2,2,c,4.17344,5.50625,1.80938,1.88125,PX632,auxin_mated,mated,auxin,24,20,20,OP50-1,,,,,1,26.87,0.791667,0.0416667,0,0,,,Automated Analysis,Lifespan Machine,,
Vesuvius,1,RL_110918,Vesuvius_c::2,PX632::mated::auxin::24::20::OP50-1,c::2,2,c,4.17344,5.50625,1.80938,1.88125,PX632,auxin_mated,mated,auxin,24,20,20,OP50-1,,,,,1,27.12,1,0.0416667,0,0,,,Automated Analysis,Lifespan Machine,,
Vesuvius,1,RL_110918,Vesuvius_c::2,PX632::mated::auxin::24::20::OP50-1,c::2,2,c,4.17344,5.50625,1.80938,1.88125,PX632,auxin_mated,mated,auxin,24,20,20,OP50-1,,,,,1,27.8283,1.54167,0.0416667,0,0,,,Automated Analysis,Lifespan Machine,,
Vesuvius,1,RL_110918,Vesuvius_c::2,PX632::mated::auxin::24::20::OP50-1,c::2,2,c,4.17344,5.50625,1.80938,1.88125,PX632,auxin_mated,mated,auxin,24,20,20,OP50-1,,,,,1,28.8283,0.25,0,0,0,,,Storyboard Annotation,Lifespan Machine,,
Vesuvius,1,RL_110918,Vesuvius_c::2,PX632::mated::auxin::24::20::OP50-1,c::2,2,c,4.17344,5.50625,1.80938,1.88125,PX632,auxin_mated,mated,auxin,24,20,20,OP50-1,,,,,1,29.745,0.666667,0.0416667,0,0,,,Automated Analysis,Lifespan Machine,,
Vesuvius,1,RL_110918,Vesuvius_c::2,PX632::mated::auxin::24::20::OP50-1,c::2,2,c,4.17344,5.50625,1.80938,1.88125,PX632,auxin_mated,mated,auxin,24,20,20,OP50-1,,,,,1,29.995,1.66667,0.0416667,0,0,,,Automated Analysis,Lifespan Machine,,
Vesuvius,1,RL_110918,Vesuvius_c::3,PX632::virgin::auxin::35::20::OP50-1,c::3,3,c,4.18906,7.75781,1.84688,1.86563,PX632,auxin_virgin,virgin,auxin,35,20,20,OP50-1,,,,,1,13.2866,3.66667,0.0833333,0,0,,,Automated Analysis,Lifespan Machine,,
Vesuvius,1,RL_110918,Vesuvius_c::3,PX632::virgin::auxin::35::20::OP50-1,c::3,3,c,4.18906,7.75781,1.84688,1.86563,PX632,auxin_virgin,virgin,auxin,35,20,20,OP50-1,,,,,1,14.87,1.20833,0.0416667,0,0,,,Automated Analysis,Lifespan Machine,,
Vesuvius,1,RL_110918,Vesuvius_c::3,PX632::virgin::auxin::35::20::OP50-1,c::3,3,c,4.18906,7.75781,1.84688,1.86563,PX632,auxin_virgin,virgin,auxin,35,20,20,OP50-1,,,,,1,14.87,2.33333,0.0416667,0,0,,,Automated Analysis,Lifespan Machine,,
Vesuvius,1,RL_110918,Vesuvius_c::3,PX632::virgin::auxin::35::20::OP50-1,c::3,3,c,4.18906,7.75781,1.84688,1.86563,PX632,auxin_virgin,virgin,auxin,35,20,20,OP50-1,,,,,1,14.9116,1.33333,0.0416667,0,0,,,Automated Analysis,Lifespan Machine,,
Vesuvius,1,RL_110918,Vesuvius_c::3,PX632::virgin::auxin::35::20::OP50-1,c::3,3,c,4.18906,7.75781,1.84688,1.86563,PX632,auxin_virgin,virgin,auxin,35,20,20,OP50-1,,,,,1,16.2866,0.708333,0.0416667,0,0,,,Automated Analysis,Lifespan Machine,,
Vesuvius,1,RL_110918,Vesuvius_c::3,PX632::virgin::auxin::35::20::OP50-1,c::3,3,c,4.18906,7.75781,1.84688,1.86563,PX632,auxin_virgin,virgin,auxin,35,20,20,OP50-1,,,,,1,16.4116,2.75,0,0,0,,,Storyboard Annotation,Lifespan Machine,,
Vesuvius,1,RL_110918,Vesuvius_c::3,PX632::virgin::auxin::35::20::OP50-1,c::3,3,c,4.18906,7.75781,1.84688,1.86563,PX632,auxin_virgin,virgin,auxin,35,20,20,OP50-1,,,,,1,17.0783,3.08333,0,0,0,,,Storyboard Annotation,Lifespan Machine,,
Vesuvius,1,RL_110918,Vesuvius_c::3,PX632::virgin::auxin::35::20::OP50-1,c::3,3,c,4.18906,7.75781,1.84688,1.86563,PX632,auxin_virgin,virgin,auxin,35,20,20,OP50-1,,,,,1,17.62,1.04167,0.0416667,0,0,,,Automated Analysis,Lifespan Machine,,
Vesuvius,1,RL_110918,Vesuvius_c::3,PX632::virgin::auxin::35::20::OP50-1,c::3,3,c,4.18906,7.75781,1.84688,1.86563,PX632,auxin_virgin,virgin,auxin,35,20,20,OP50-1,,,,,1,17.62,3.16667,0.0416667,0,0,,,Automated Analysis,Lifespan Machine,,
Vesuvius,1,RL_110918,Vesuvius_c::3,PX632::virgin::auxin::35::20::OP50-1,c::3,3,c,4.18906,7.75781,1.84688,1.86563,PX632,auxin_virgin,virgin,auxin,35,20,20,OP50-1,,,,,1,17.9116,1.83333,0.0416667,0,0,,,Automated Analysis,Lifespan Machine,,
Vesuvius,1,RL_110918,Vesuvius_c::3,PX632::virgin::auxin::35::20::OP50-1,c::3,3,c,4.18906,7.75781,1.84688,1.86563,PX632,auxin_virgin,virgin,auxin,35,20,20,OP50-1,,,,,1,18.495,3.125,0.0416667,0,0,,,Automated Analysis,Lifespan Machine,,
Vesuvius,1,RL_110918,Vesuvius_c::3,PX632::virgin::auxin::35::20::OP50-1,c::3,3,c,4.18906,7.75781,1.84688,1.86563,PX632,auxin_virgin,virgin,auxin,35,20,20,OP50-1,,,,,1,18.62,0.291667,0.0416667,0,0,,,Automated Analysis,Lifespan Machine,,
Vesuvius,1,RL_110918,Vesuvius_c::3,PX632::virgin::auxin::35::20::OP50-1,c::3,3,c,4.18906,7.75781,1.84688,1.86563,PX632,auxin_virgin,virgin,auxin,35,20,20,OP50-1,,,,,1,18.995,0.666667,0.0833333,0,0,,,Automated Analysis,Lifespan Machine,,
Vesuvius,1,RL_110918,Vesuvius_c::3,PX632::virgin::auxin::35::20::OP50-1,c::3,3,c,4.18906,7.75781,1.84688,1.86563,PX632,auxin_virgin,virgin,auxin,35,20,20,OP50-1,,,,,1,19.245,6.625,0.0833333,0,0,,,Automated Analysis,Lifespan Machine,,
Vesuvius,1,RL_110918,Vesuvius_c::3,PX632::virgin::auxin::35::20::OP50-1,c::3,3,c,4.18906,7.75781,1.84688,1.86563,PX632,auxin_virgin,virgin,auxin,35,20,20,OP50-1,,,,,1,20.87,0.958333,0.0416667,0,0,,,Automated Analysis,Lifespan Machine,,
Vesuvius,1,RL_110918,Vesuvius_c::3,PX632::virgin::auxin::35::20::OP50-1,c::3,3,c,4.18906,7.75781,1.84688,1.86563,PX632,auxin_virgin,virgin,auxin,35,20,20,OP50-1,,,,,1,21.0783,6.375,0,0,0,,,Storyboard Annotation,Lifespan Machine,,
Vesuvius,1,RL_110918,Vesuvius_c::3,PX632::virgin::auxin::35::20::OP50-1,c::3,3,c,4.18906,7.75781,1.84688,1.86563,PX632,auxin_virgin,virgin,auxin,35,20,20,OP50-1,,,,,1,21.5366,1.75,0.0416667,0,0,,,Automated Analysis,Lifespan Machine,,
Vesuvius,1,RL_110918,Vesuvius_c::3,PX632::virgin::auxin::35::20::OP50-1,c::3,3,c,4.18906,7.75781,1.84688,1.86563,PX632,auxin_virgin,virgin,auxin,35,20,20,OP50-1,,,,,1,22.2033,0.875,0.0416667,0,0,,,Automated Analysis,Lifespan Machine,,
Vesuvius,1,RL_110918,Vesuvius_c::3,PX632::virgin::auxin::35::20::OP50-1,c::3,3,c,4.18906,7.75781,1.84688,1.86563,PX632,auxin_virgin,virgin,auxin,35,20,20,OP50-1,,,,,1,22.4325,49709.6,0,0,0,,,Storyboard Annotation,Lifespan Machine,,
Vesuvius,1,RL_110918,Vesuvius_c::3,PX632::virgin::auxin::35::20::OP50-1,c::3,3,c,4.18906,7.75781,1.84688,1.86563,PX632,auxin_virgin,virgin,auxin,35,20,20,OP50-1,,,,,1,22.5783,3.79167,0.0833333,0,0,,,Automated Analysis,Lifespan Machine,,
Vesuvius,1,RL_110918,Vesuvius_c::3,PX632::virgin::auxin::35::20::OP50-1,c::3,3,c,4.18906,7.75781,1.84688,1.86563,PX632,auxin_virgin,virgin,auxin,35,20,20,OP50-1,,,,,1,24.1616,0.958333,0.0416667,0,0,,,Automated Analysis,Lifespan Machine,,
Vesuvius,1,RL_110918,Vesuvius_c::3,PX632::virgin::auxin::35::20::OP50-1,c::3,3,c,4.18906,7.75781,1.84688,1.86563,PX632,auxin_virgin,virgin,auxin,35,20,20,OP50-1,,,,,1,25.745,1.625,0,0,0,,,Storyboard Annotation,Lifespan Machine,,
Vesuvius,1,RL_110918,Vesuvius_c::3,PX632::virgin::auxin::35::20::OP50-1,c::3,3,c,4.18906,7.75781,1.84688,1.86563,PX632,auxin_virgin,virgin,auxin,35,20,20,OP50-1,,,,,1,26.495,1.125,0.0416667,0,0,,,Automated Analysis,Lifespan Machine,,
Vesuvius,1,RL_110918,Vesuvius_c::3,PX632::virgin::auxin::35::20::OP50-1,c::3,3,c,4.18906,7.75781,1.84688,1.86563,PX632,auxin_virgin,virgin,auxin,35,20,20,OP50-1,,,,,1,26.5366,0.125,0.0416667,0,0,,,Automated Analysis,Lifespan Machine,,
Vesuvius,1,RL_110918,Vesuvius_c::3,PX632::virgin::auxin::35::20::OP50-1,c::3,3,c,4.18906,7.75781,1.84688,1.86563,PX632,auxin_virgin,virgin,auxin,35,20,20,OP50-1,,,,,1,26.745,0.25,0.0416667,0,0,,,Automated Analysis,Lifespan Machine,,
Vesuvius,1,RL_110918,Vesuvius_c::3,PX632::virgin::auxin::35::20::OP50-1,c::3,3,c,4.18906,7.75781,1.84688,1.86563,PX632,auxin_virgin,virgin,auxin,35,20,20,OP50-1,,,,,1,26.7866,1.08333,0,0,0,,,Storyboard Annotation,Lifespan Machine,,
Vesuvius,1,RL_110918,Vesuvius_c::3,PX632::virgin::auxin::35::20::OP50-1,c::3,3,c,4.18906,7.75781,1.84688,1.86563,PX632,auxin_virgin,virgin,auxin,35,20,20,OP50-1,,,,,1,26.87,0.75,0.0416667,0,0,,,Automated Analysis,Lifespan Machine,,
Vesuvius,1,RL_110918,Vesuvius_c::3,PX632::virgin::auxin::35::20::OP50-1,c::3,3,c,4.18906,7.75781,1.84688,1.86563,PX632,auxin_virgin,virgin,auxin,35,20,20,OP50-1,,,,,1,27.8283,4.5,0,0,0,,,Storyboard Annotation,Lifespan Machine,,
Vesuvius,1,RL_110918,Vesuvius_c::3,PX632::virgin::auxin::35::20::OP50-1,c::3,3,c,4.18906,7.75781,1.84688,1.86563,PX632,auxin_virgin,virgin,auxin,35,20,20,OP50-1,,,,,1,28.12,0.958333,0.0416667,0,0,,,Automated Analysis,Lifespan Machine,,
Vesuvius,1,RL_110918,Vesuvius_c::3,PX632::virgin::auxin::35::20::OP50-1,c::3,3,c,4.18906,7.75781,1.84688,1.86563,PX632,auxin_virgin,virgin,auxin,35,20,20,OP50-1,,,,,1,30.6616,2.125,0,0,0,,,Storyboard Annotation,Lifespan Machine,,
Vesuvius,1,RL_110918,Vesuvius_d::0,PX632::virgin::auxin::35::20::OP50-1,d::0,0,d,6.07188,1.2125,1.8,1.8875,PX632,auxin_virgin,virgin,auxin,35,20,20,OP50-1,,,,,1,30.2971,1.125,0.0416667,0,1,Objects apparently moving at termination of measurement,,Automated Analysis,Lifespan Machine,,
Vesuvius,1,RL_110918,Vesuvius_d::0,PX632::virgin::auxin::35::20::OP50-1,d::0,0,d,6.07188,1.2125,1.8,1.8875,PX632,auxin_virgin,virgin,auxin,35,20,20,OP50-1,,,,,1,13.7971,1.83333,0,0,0,,,Storyboard Annotation,Lifespan Machine,,
Vesuvius,1,RL_110918,Vesuvius_d::0,PX632::virgin::auxin::35::20::OP50-1,d::0,0,d,6.07188,1.2125,1.8,1.8875,PX632,auxin_virgin,virgin,auxin,35,20,20,OP50-1,,,,,1,17.2137,3.875,0,0,0,,,Storyboard Annotation,Lifespan Machine,,
Vesuvius,1,RL_110918,Vesuvius_d::0,PX632::virgin::auxin::35::20::OP50-1,d::0,0,d,6.07188,1.2125,1.8,1.8875,PX632,auxin_virgin,virgin,auxin,35,20,20,OP50-1,,,,,1,17.9221,1.41667,0.0416667,0,0,,,Automated Analysis,Lifespan Machine,,
Vesuvius,1,RL_110918,Vesuvius_d::0,PX632::virgin::auxin::35::20::OP50-1,d::0,0,d,6.07188,1.2125,1.8,1.8875,PX632,auxin_virgin,virgin,auxin,35,20,20,OP50-1,,,,,1,18.0471,1.41667,0.0416667,0,0,,,Automated Analysis,Lifespan Machine,,
Vesuvius,1,RL_110918,Vesuvius_d::0,PX632::virgin::auxin::35::20::OP50-1,d::0,0,d,6.07188,1.2125,1.8,1.8875,PX632,auxin_virgin,virgin,auxin,35,20,20,OP50-1,,,,,1,18.0887,5.5,0,0,0,,,Storyboard Annotation,Lifespan Machine,,
Vesuvius,1,RL_110918,Vesuvius_d::0,PX632::virgin::auxin::35::20::OP50-1,d::0,0,d,6.07188,1.2125,1.8,1.8875,PX632,auxin_virgin,virgin,auxin,35,20,20,OP50-1,,,,,1,18.2971,1.41667,0.0416667,0,0,,,Automated Analysis,Lifespan Machine,,
Vesuvius,1,RL_110918,Vesuvius_d::0,PX632::virgin::auxin::35::20::OP50-1,d::0,0,d,6.07188,1.2125,1.8,1.8875,PX632,auxin_virgin,virgin,auxin,35,20,20,OP50-1,,,,,1,18.4637,0.833333,0.0416667,0,0,,,Automated Analysis,Lifespan Machine,,
Vesuvius,1,RL_110918,Vesuvius_d::0,PX632::virgin::auxin::35::20::OP50-1,d::0,0,d,6.07188,1.2125,1.8,1.8875,PX632,auxin_virgin,virgin,auxin,35,20,20,OP50-1,,,,,1,20.2137,1.75,0.0416667,0,0,,,Automated Analysis,Lifespan Machine,,
Vesuvius,1,RL_110918,Vesuvius_d::0,PX632::virgin::auxin::35::20::OP50-1,d::0,0,d,6.07188,1.2125,1.8,1.8875,PX632,auxin_virgin,virgin,auxin,35,20,20,OP50-1,,,,,1,21.9221,2.20833,0,0,0,,Observed Multiple Worm,Storyboard Annotation,Lifespan Machine,,
Vesuvius,1,RL_110918,Vesuvius_d::0,PX632::virgin::auxin::35::20::OP50-1,d::0,0,d,6.07188,1.2125,1.8,1.8875,PX632,auxin_virgin,virgin,auxin,35,20,20,OP50-1,,,,,1,21.9429,2.20833,0,0,0,,Induced Multiple Worm,Storyboard Annotation,Lifespan Machine,,
Vesuvius,1,RL_110918,Vesuvius_d::0,PX632::virgin::auxin::35::20::OP50-1,d::0,0,d,6.07188,1.2125,1.8,1.8875,PX632,auxin_virgin,virgin,auxin,35,20,20,OP50-1,,,,,1,22.1721,0.291667,0.0416667,0,0,,,Automated Analysis,Lifespan Machine,,
Vesuvius,1,RL_110918,Vesuvius_d::0,PX632::virgin::auxin::35::20::OP50-1,d::0,0,d,6.07188,1.2125,1.8,1.8875,PX632,auxin_virgin,virgin,auxin,35,20,20,OP50-1,,,,,1,24.8804,1.20833,0.0416667,0,0,,,Automated Analysis,Lifespan Machine,,
Vesuvius,1,RL_110918,Vesuvius_d::0,PX632::virgin::auxin::35::20::OP50-1,d::0,0,d,6.07188,1.2125,1.8,1.8875,PX632,auxin_virgin,virgin,auxin,35,20,20,OP50-1,,,,,1,25.4221,2.16667,0.0416667,0,0,,,Automated Analysis,Lifespan Machine,,
Vesuvius,1,RL_110918,Vesuvius_d::0,PX632::virgin::auxin::35::20::OP50-1,d::0,0,d,6.07188,1.2125,1.8,1.8875,PX632,auxin_virgin,virgin,auxin,35,20,20,OP50-1,,,,,1,25.9221,0.208333,0.0416667,0,0,,,Automated Analysis,Lifespan Machine,,
Vesuvius,1,RL_110918,Vesuvius_d::0,PX632::virgin::auxin::35::20::OP50-1,d::0,0,d,6.07188,1.2125,1.8,1.8875,PX632,auxin_virgin,virgin,auxin,35,20,20,OP50-1,,,,,1,26.5471,0.791667,0.0416667,0,0,,,Automated Analysis,Lifespan Machine,,
Vesuvius,1,RL_110918,Vesuvius_d::0,PX632::virgin::auxin::35::20::OP50-1,d::0,0,d,6.07188,1.2125,1.8,1.8875,PX632,auxin_virgin,virgin,auxin,35,20,20,OP50-1,,,,,1,26.9846,4.22917,0,0,0,,Observed Multiple Worm,Storyboard Annotation,Lifespan Machine,,
Vesuvius,1,RL_110918,Vesuvius_d::0,PX632::virgin::auxin::35::20::OP50-1,d::0,0,d,6.07188,1.2125,1.8,1.8875,PX632,auxin_virgin,virgin,auxin,35,20,20,OP50-1,,,,,1,26.9846,4.22917,0,0,0,,Induced Multiple Worm,Storyboard Annotation,Lifespan Machine,,
Vesuvius,1,RL_110918,Vesuvius_d::0,PX632::virgin::auxin::35::20::OP50-1,d::0,0,d,6.07188,1.2125,1.8,1.8875,PX632,auxin_virgin,virgin,auxin,35,20,20,OP50-1,,,,,1,27.1304,0.666667,0.0416667,0,0,,,Automated Analysis,Lifespan Machine,,
Vesuvius,1,RL_110918,Vesuvius_d::0,PX632::virgin::auxin::35::20::OP50-1,d::0,0,d,6.07188,1.2125,1.8,1.8875,PX632,auxin_virgin,virgin,auxin,35,20,20,OP50-1,,,,,1,27.2137,1.95833,0.0416667,0,0,,,Automated Analysis,Lifespan Machine,,
Vesuvius,1,RL_110918,Vesuvius_d::0,PX632::virgin::auxin::35::20::OP50-1,d::0,0,d,6.07188,1.2125,1.8,1.8875,PX632,auxin_virgin,virgin,auxin,35,20,20,OP50-1,,,,,1,27.2762,8.72917,0,0,0,,Observed Multiple Worm,Storyboard Annotation,Lifespan Machine,,
Vesuvius,1,RL_110918,Vesuvius_d::0,PX632::virgin::auxin::35::20::OP50-1,d::0,0,d,6.07188,1.2125,1.8,1.8875,PX632,auxin_virgin,virgin,auxin,35,20,20,OP50-1,,,,,1,27.2762,8.72917,0,0,0,,Induced Multiple Worm,Storyboard Annotation,Lifespan Machine,,
Vesuvius,1,RL_110918,Vesuvius_d::0,PX632::virgin::auxin::35::20::OP50-1,d::0,0,d,6.07188,1.2125,1.8,1.8875,PX632,auxin_virgin,virgin,auxin,35,20,20,OP50-1,,,,,1,27.9221,0.708333,0.0416667,0,0,,,Automated Analysis,Lifespan Machine,,
Vesuvius,1,RL_110918,Vesuvius_d::0,PX632::virgin::auxin::35::20::OP50-1,d::0,0,d,6.07188,1.2125,1.8,1.8875,PX632,auxin_virgin,virgin,auxin,35,20,20,OP50-1,,,,,1,28.0887,0.916667,0.0416667,0,0,,,Automated Analysis,Lifespan Machine,,
Vesuvius,1,RL_110918,Vesuvius_d::0,PX632::virgin::auxin::35::20::OP50-1,d::0,0,d,6.07188,1.2125,1.8,1.8875,PX632,auxin_virgin,virgin,auxin,35,20,20,OP50-1,,,,,1,28.0887,2.875,0,0,0,,,Storyboard Annotation,Lifespan Machine,,
Vesuvius,1,RL_110918,Vesuvius_d::0,PX632::virgin::auxin::35::20::OP50-1,d::0,0,d,6.07188,1.2125,1.8,1.8875,PX632,auxin_virgin,virgin,auxin,35,20,20,OP50-1,,,,,1,28.3387,2.33333,0.0416667,0,0,,,Automated Analysis,Lifespan Machine,,
Vesuvius,1,RL_110918,Vesuvius_d::3,PX632::mated::auxin::20::OP50-1,d::3,3,d,6.0625,8.08594,1.80625,1.88437,PX632,auxin_mated,mated,auxin,,20,20,OP50-1,,,,,1,30.2971,0.5,0.0416667,0,1,Objects apparently moving at termination of measurement,,Automated Analysis,Lifespan Machine,,
Vesuvius,1,RL_110918,Vesuvius_d::3,PX632::mated::auxin::20::OP50-1,d::3,3,d,6.0625,8.08594,1.80625,1.88437,PX632,auxin_mated,mated,auxin,,20,20,OP50-1,,,,,1,12.1721,3.375,0,0,0,,,Storyboard Annotation,Lifespan Machine,,
Vesuvius,1,RL_110918,Vesuvius_d::3,PX632::mated::auxin::20::OP50-1,d::3,3,d,6.0625,8.08594,1.80625,1.88437,PX632,auxin_mated,mated,auxin,,20,20,OP50-1,,,,,1,13.1304,4.58333,0,0,0,,,Storyboard Annotation,Lifespan Machine,,
Vesuvius,1,RL_110918,Vesuvius_d::3,PX632::mated::auxin::20::OP50-1,d::3,3,d,6.0625,8.08594,1.80625,1.88437,PX632,auxin_mated,mated,auxin,,20,20,OP50-1,,,,,1,16.6721,2.83333,0.0416667,0,0,,,Automated Analysis,Lifespan Machine,,
Vesuvius,1,RL_110918,Vesuvius_d::3,PX632::mated::auxin::20::OP50-1,d::3,3,d,6.0625,8.08594,1.80625,1.88437,PX632,auxin_mated,mated,auxin,,20,20,OP50-1,,,,,1,17.1721,0.458333,0.0416667,0,0,,,Automated Analysis,Lifespan Machine,,
Vesuvius,1,RL_110918,Vesuvius_d::3,PX632::mated::auxin::20::OP50-1,d::3,3,d,6.0625,8.08594,1.80625,1.88437,PX632,auxin_mated,mated,auxin,,20,20,OP50-1,,,,,1,18.4221,1.5,0.0416667,0,0,,,Automated Analysis,Lifespan Machine,,
Vesuvius,1,RL_110918,Vesuvius_d::3,PX632::mated::auxin::20::OP50-1,d::3,3,d,6.0625,8.08594,1.80625,1.88437,PX632,auxin_mated,mated,auxin,,20,20,OP50-1,,,,,1,18.7554,3.5,0,0,0,,,Storyboard Annotation,Lifespan Machine,,
Vesuvius,1,RL_110918,Vesuvius_d::3,PX632::mated::auxin::20::OP50-1,d::3,3,d,6.0625,8.08594,1.80625,1.88437,PX632,auxin_mated,mated,auxin,,20,20,OP50-1,,,,,1,19.9221,0.166667,0.0416667,0,0,,,Automated Analysis,Lifespan Machine,,
Vesuvius,1,RL_110918,Vesuvius_d::3,PX632::mated::auxin::20::OP50-1,d::3,3,d,6.0625,8.08594,1.80625,1.88437,PX632,auxin_mated,mated,auxin,,20,20,OP50-1,,,,,1,21.0887,2.375,0,0,0,,,Storyboard Annotation,Lifespan Machine,,
Vesuvius,1,RL_110918,Vesuvius_d::3,PX632::mated::auxin::20::OP50-1,d::3,3,d,6.0625,8.08594,1.80625,1.88437,PX632,auxin_mated,mated,auxin,,20,20,OP50-1,,,,,1,22.5471,2.95833,0,0,0,,,Storyboard Annotation,Lifespan Machine,,
Vesuvius,1,RL_110918,Vesuvius_d::3,PX632::mated::auxin::20::OP50-1,d::3,3,d,6.0625,8.08594,1.80625,1.88437,PX632,auxin_mated,mated,auxin,,20,20,OP50-1,,,,,1,22.5887,7,0.0416667,0,0,,,Automated Analysis,Lifespan Machine,,
Vesuvius,1,RL_110918,Vesuvius_d::3,PX632::mated::auxin::20::OP50-1,d::3,3,d,6.0625,8.08594,1.80625,1.88437,PX632,auxin_mated,mated,auxin,,20,20,OP50-1,,,,,1,23.1721,2.625,0.0416667,0,0,,,Automated Analysis,Lifespan Machine,,
Vesuvius,1,RL_110918,Vesuvius_d::3,PX632::mated::auxin::20::OP50-1,d::3,3,d,6.0625,8.08594,1.80625,1.88437,PX632,auxin_mated,mated,auxin,,20,20,OP50-1,,,,,1,23.8387,1.33333,0.0416667,0,0,,,Automated Analysis,Lifespan Machine,,
Vesuvius,1,RL_110918,Vesuvius_d::3,PX632::mated::auxin::20::OP50-1,d::3,3,d,6.0625,8.08594,1.80625,1.88437,PX632,auxin_mated,mated,auxin,,20,20,OP50-1,,,,,1,23.8387,1.16667,0.0416667,0,0,,,Automated Analysis,Lifespan Machine,,
Vesuvius,1,RL_110918,Vesuvius_d::3,PX632::mated::auxin::20::OP50-1,d::3,3,d,6.0625,8.08594,1.80625,1.88437,PX632,auxin_mated,mated,auxin,,20,20,OP50-1,,,,,1,24.8804,4.5,0,0,0,,,Storyboard Annotation,Lifespan Machine,,
Vesuvius,1,RL_110918,Vesuvius_d::3,PX632::mated::auxin::20::OP50-1,d::3,3,d,6.0625,8.08594,1.80625,1.88437,PX632,auxin_mated,mated,auxin,,20,20,OP50-1,,,,,1,27.0887,2.95833,0.0416667,0,0,,,Automated Analysis,Lifespan Machine,,
Vesuvius,1,RL_110918,Vesuvius_d::3,PX632::mated::auxin::20::OP50-1,d::3,3,d,6.0625,8.08594,1.80625,1.88437,PX632,auxin_mated,mated,auxin,,20,20,OP50-1,,,,,1,27.2971,3.41667,0.0416667,0,0,,,Automated Analysis,Lifespan Machine,,
Vesuvius,1,RL_110918,Vesuvius_d::3,PX632::mated::auxin::20::OP50-1,d::3,3,d,6.0625,8.08594,1.80625,1.88437,PX632,auxin_mated,mated,auxin,,20,20,OP50-1,,,,,1,27.8804,0.666667,0.0416667,0,0,,,Automated Analysis,Lifespan Machine,,
Vesuvius,1,RL_110918,Vesuvius_d::3,PX632::mated::auxin::20::OP50-1,d::3,3,d,6.0625,8.08594,1.80625,1.88437,PX632,auxin_mated,mated,auxin,,20,20,OP50-1,,,,,1,28.6304,3.125,0.0416667,0,0,,,Automated Analysis,Lifespan Machine,,
Vesuvius,1,RL_110918,Vesuvius_d::3,PX632::mated::auxin::20::OP50-1,d::3,3,d,6.0625,8.08594,1.80625,1.88437,PX632,auxin_mated,mated,auxin,,20,20,OP50-1,,,,,1,28.6721,0.166667,0.0416667,0,0,,,Automated Analysis,Lifespan Machine,,
Vesuvius,1,RL_110918,Vesuvius_d::3,PX632::mated::auxin::20::OP50-1,d::3,3,d,6.0625,8.08594,1.80625,1.88437,PX632,auxin_mated,mated,auxin,,20,20,OP50-1,,,,,1,29.2137,2.25,0.0416667,0,0,,,Automated Analysis,Lifespan Machine,,
Vesuvius,1,RL_110918,Vesuvius_d::3,PX632::mated::auxin::20::OP50-1,d::3,3,d,6.0625,8.08594,1.80625,1.88437,PX632,auxin_mated,mated,auxin,,20,20,OP50-1,,,,,1,29.3804,12.4167,0,0,0,,,Storyboard Annotation,Lifespan Machine,,